Type,Name,Early,Middle,Late
Upstream,MAPK1,-4.416,-4.61,-5.086
Upstream,IRGM,-5.029,-5.485,-4.809
Upstream,SOCS1,-3.847,-3.614,-4.657
Upstream,TREX1,-4.342,-5.168,-4.647
Upstream,BANF1,-5.123,-4.96,-4.553
Upstream,ETV3,-4.472,-4.583,-4.359
Upstream,RNASEH2B,-4.378,-5.138,-4.114
Upstream,UBAP1,-4.111,-4.111,-3.988
Upstream,USP8,-3.96,-4.536,-3.961
Upstream,STAG2,-3.985,-3.985,-3.74
Upstream,USP18,-4.295,-4.25,-3.722
Upstream,Irgm1,-3.666,-3.8,-3.538
Upstream,ETV6,-4.217,-4.217,-3.491
Upstream,F3,-4.367,-4.339,-3.374
Upstream,IL1RN,-3.83,-4.665,-3.335
Upstream,SOCS3,-2.726,-2.817,-3.333
Upstream,PCK1,-3.597,-3.714,-3.293
Upstream,ZNF750,-4.589,-4.065,-3.214
Upstream,TGFBR2,-0.97,-1.592,-3.012
Upstream,RUNX1,0.29,-1.53,-2.961
Upstream,miR-145-5p (and other miRNAs w/seed UCCAGUU),-2.944,-3.107,-2.942
Upstream,CD276,-3.742,-3.742,-2.933
Upstream,PPARGC1A,-2.8,-2.2,-2.919
Upstream,CUL5,,-0.447,-2.887
Upstream,MYC,-3.406,-2.66,-2.851
Upstream,SRF,,-1.876,-2.833
Upstream,CASP8,-0.747,-1.076,-2.796
Upstream,PNPT1,-2.795,-2.813,-2.789
Upstream,APOA1,-1.939,-2.372,-2.786
Upstream,RC3H1,-3.988,-3.769,-2.769
Upstream,IKZF1,-1.947,-2.177,-2.722
Upstream,KMT2D,-3.317,-3.359,-2.688
Upstream,SP110,-3.464,-2.683,-2.668
Upstream,TTC39A-AS1,-3.416,-2.994,-2.653
Upstream,HIVEP1,-2.219,-2.724,-2.646
Upstream,RPSA,-3.267,-3.33,-2.63
Upstream,BCL6,-2.95,-2.444,-2.629
Upstream,ESR2,-2.514,-2.978,-2.621
Upstream,KL,,-1.159,-2.606
Upstream,LINC00624,-2.787,-3.125,-2.602
Upstream,IKZF3,-2.219,-1.937,-2.592
Upstream,IKZF2,,-1.342,-2.517
Upstream,PTGER4,-3.047,-2.358,-2.502
Upstream,NLRX1,-2.989,-3.544,-2.446
Upstream,SIGIRR,,-1.987,-2.429
Upstream,alpha catenin,-2.2,-3.067,-2.419
Upstream,PELI2,-1.869,-1.82,-2.417
Upstream,FOXA1,,-1.982,-2.415
Upstream,DNASE2,,-1.969,-2.4
Upstream,GPX1,-0.747,-1.98,-2.397
Upstream,ADM,,,-2.39
Upstream,BAG1,,,-2.368
Upstream,ACKR2,-3,-2.335,-2.353
Upstream,ADAR,-3.12,-3.073,-2.341
Upstream,TRIM24,-3.654,-3.425,-2.326
Upstream,PGR,-3.776,-2.708,-2.286
Upstream,APOE,-1.387,-2.746,-2.276
Upstream,MDM4,-2,-2,-2.236
Upstream,LIPA,-1.103,-1.103,-2.236
Upstream,C1Q (family),,-1.477,-2.22
Upstream,NRAS,-2.433,-2.63,-2.219
Upstream,Scd2,-2.219,-2.219,-2.219
Upstream,DNMT1,,,-2.219
Upstream,YTHDF1,,,-2.219
Upstream,PROCR,,,-2.219
Upstream,SAMHD1,,-2.216,-2.213
Upstream,ILF3,-1.387,-1.405,-2.213
Upstream,ASCC3,,,-2.213
Upstream,RLN2,,,-2.209
Upstream,PRDM16,-2.408,-2.01,-2.2
Upstream,PRF1,,,-2.2
Upstream,PLA2G6,,,-2.2
Upstream,miR-146a-5p (and other miRNAs w/seed GAGAACU),-2.267,-2.144,-2.198
Upstream,PTHLH,,,-2.185
Upstream,NCOR1,-2.219,-1.782,-2.178
Upstream,GAPDH,-2.611,-2.747,-2.177
Upstream,TCF4,-2.53,-2.325,-2.177
Upstream,Scd1,-2.213,-2.8,-2.164
Upstream,NKX2-3,-3.459,-3.992,-2.149
Upstream,NFKB2,-0.372,-0.902,-2.148
Upstream,MRTFB,,-1.633,-2.138
Upstream,IMMT,-2.138,-2.985,-2.137
Upstream,TGFBR1,-2.449,-2.54,-2.121
Upstream,UCP1,-1.89,-2.333,-2.121
Upstream,BCL2L1,-1.945,-0.766,-2.081
Upstream,LRP1,-0.94,-2.035,-2.06
Upstream,DUSP1,-0.8,-1.504,-2.036
Upstream,NPC1,-1.277,-1.151,-2.03
Upstream,PROC,-1.982,-1.046,-2.021
Upstream,FBXO44,-2.236,-2.449,-2
Upstream,RNF187,-2,-2.236,-2
Upstream,NGLY1,-2,-2,-2
Upstream,NGEF,-2,-2,-2
Upstream,RAD51,,-2,-2
Upstream,Ifitm3,,-2,-2
Upstream,WFS1,,,-2
Upstream,HBB,,,-2
Upstream,ZNF768,,,-2
Upstream,DEPTOR,,,-2
Upstream,CHADL,,,-2
Upstream,ZFPM1,,,-2
Upstream,EGLN,,,-2
Upstream,SKIC2,,,-2
Upstream,RAB7A,,,-2
Upstream,IL17RD,,,-2
Upstream,TAB1,-2.976,-2.025,-1.997
Upstream,IZUMO1R,-0.927,-1.987,-1.987
Upstream,CLPP,-2,-2,-1.982
Upstream,RYK,,-2,-1.982
Upstream,IRF2BP2,,-1.109,-1.982
Upstream,MAPKAPK3,,,-1.982
Upstream,EFNA1,,,-1.982
Upstream,ABCG1,,,-1.981
Upstream,Clec10a/Mgl2,-2.219,-2.621,-1.98
Upstream,IGF2BP3,,,-1.98
Upstream,ADAMTS12,,,-1.98
Upstream,MAPK11,,,-1.98
Upstream,SERPINE2,,,-1.98
Upstream,S1PR3,,,-1.977
Upstream,DDX5,-1.937,-2.959,-1.976
Upstream,IgM,,0.314,-1.964
Upstream,TRPA1,,,-1.964
Upstream,RNF216,,-1.961,-1.961
Upstream,CBLB,,,-1.96
Upstream,DUSP10,,,-1.958
Upstream,TRIM21,-2.19,-2.592,-1.954
Upstream,ADORA2A,,-0.762,-1.953
Upstream,NPR1,-1.982,-1.294,-1.947
Upstream,IgG2a,,,-1.941
Upstream,IL37,-1.709,-2.565,-1.937
Upstream,ZBED2,-1.937,-1.937,-1.937
Upstream,MALAT1,,,-1.932
Upstream,mir-29 (includes others),,-1.291,-1.929
Upstream,SCARB1,,,-1.929
Upstream,WNT3A,,-1.215,-1.915
Upstream,STIM1,,-1.664,-1.912
Upstream,PRDM1,-2.851,-2.399,-1.911
Upstream,F7,,,-1.902
Upstream,Lilrb4a/Lilrb4b,,,-1.89
Upstream,TNFAIP3,-1.366,-2.078,-1.879
Upstream,GCG,,-0.17,-1.871
Upstream,IRF4,-2.274,-2.175,-1.854
Upstream,METTL3,-0.613,-1.366,-1.825
Upstream,SIRT6,-0.45,-0.543,-1.802
Upstream,MAP2K4,,,-1.782
Upstream,MEOX2,,,-1.761
Upstream,LAMP2,-1.981,-1.888,-1.755
Upstream,PTK2B,,,-1.727
Upstream,HSF1,0.788,0.298,-1.722
Upstream,ISG15,-2.439,-2.776,-1.717
Upstream,AGTR2,,,-1.715
Upstream,CTCF,-1,-2.219,-1.709
Upstream,RACK1,,-1.387,-1.709
Upstream,CISH,-1.342,-0.956,-1.706
Upstream,PKC,-0.497,-0.443,-1.699
Upstream,NFE2L2,-1.826,-1.408,-1.694
Upstream,FGF1,,0.577,-1.693
Upstream,TCF3,,-0.911,-1.67
Upstream,SAFB,-1.342,-2.828,-1.667
Upstream,GPS2,-0.2,-2.236,-1.664
Upstream,GSTO1,-1.982,-1.387,-1.664
Upstream,GLI2,,,-1.646
Upstream,mir-155,-2.632,-2.033,-1.636
Upstream,KRAS,-1.402,-0.554,-1.634
Upstream,HIBCH,,-2.828,-1.633
Upstream,TRIM26,-2.219,-2.63,-1.633
Upstream,NQO1,,-1.342,-1.633
Upstream,LATS2,,,-1.633
Upstream,NFAT5,-1.224,-2.689,-1.622
Upstream,CITED2,-2.95,-3.207,-1.595
Upstream,mir-146 (includes others),-1.661,-2.065,-1.559
Upstream,AR,-1.372,-1.144,-1.558
Upstream,GRN,-1.154,-1.276,-1.543
Upstream,BACH2,,0.108,-1.543
Upstream,miR-155-5p (miRNAs w/seed UAAUGCU),-1.553,-2.283,-1.533
Upstream,GHRL,,,-1.532
Upstream,RNF31,-1.982,-1.342,-1.526
Upstream,PKM,,-0.026,-1.516
Upstream,TAFAZZIN,1.276,1.941,-1.515
Upstream,IGF1R,1.016,-0.651,-1.513
Upstream,SETDB1,,-1.371,-1.509
Upstream,LRP5,,-1.08,-1.501
Upstream,ZFP36,-2.215,-2.616,-1.495
Upstream,PRNP,,1.4,-1.495
Upstream,TCF12,,-0.518,-1.48
Upstream,ZBTB7B,,,-1.477
Upstream,Mir122a/b,-1.982,-2.219,-1.474
Upstream,FOXP1,,,-1.455
Upstream,TNFRSF9,-0.447,-0.785,-1.435
Upstream,CBL,-1.997,-1.536,-1.432
Upstream,PSEN2,,-1.131,-1.432
Upstream,HRH3,,,-1.432
Upstream,HMOX1,0.952,-1.074,-1.425
Upstream,PTPN11,-1.664,-0.553,-1.42
Upstream,FGF21,0.686,-0.391,-1.42
Upstream,PSEN1,,-1.501,-1.417
Upstream,GPR15LG,-0.239,-0.213,-1.414
Upstream,CYP2J2,,0,-1.41
Upstream,CUX1,,-1.286,-1.406
Upstream,LIPE,,,-1.4
Upstream,TXN,,0.728,-1.396
Upstream,FASLG,,,-1.396
Upstream,EPRS1,-1,-0.946,-1.387
Upstream,FGF19,,0.068,-1.387
Upstream,CALR,,,-1.387
Upstream,TNFRSF4,,,-1.384
Upstream,ADIPOQ,-1.183,-0.815,-1.372
Upstream,ETV5,-0.128,-1.015,-1.37
Upstream,JAG2,,-2.985,-1.342
Upstream,RXRB,,-1,-1.342
Upstream,ACOD1,-1.964,-0.686,-1.342
Upstream,MMP14,,0,-1.342
Upstream,OGT,,0.152,-1.342
Upstream,GPBAR1,,,-1.342
Upstream,GSTK1,,,-1.342
Upstream,STK11,0.653,-0.601,-1.328
Upstream,RPS6KA5,,,-1.321
Upstream,ESR1,0.718,-1.54,-1.306
Upstream,SOX4,,-0.87,-1.294
Upstream,INPP5D,0.651,-1.095,-1.275
Upstream,NLRP11,,,-1.274
Upstream,ZC3H12A,-0.254,-1.453,-1.27
Upstream,NR4A1,-0.28,-1.037,-1.269
Upstream,TGFB2,-2,-0.64,-1.265
Upstream,MYB,,0.574,-1.265
Upstream,GRP,,,-1.263
Upstream,mir-223,-0.478,-0.875,-1.254
Upstream,RB1,-2,,-1.25
Upstream,CORT,,,-1.238
Upstream,ETV4,,,-1.238
Upstream,DHX58,,,-1.237
Upstream,PRMT1,,0.14,-1.234
Upstream,SOX11,-2,-1.744,-1.22
Upstream,FBXW7,-2.414,-1.342,-1.219
Upstream,CRH,1.493,1.493,-1.214
Upstream,LCN2,-0.011,-0.712,-1.207
Upstream,SIRT1,-1.445,-1.594,-1.201
Upstream,LEF1,,1.128,-1.199
Upstream,DCN,,-1.154,-1.195
Upstream,KCNIP3,0,-0.853,-1.195
Upstream,mir-30 (includes others),-1.192,-0.512,-1.195
Upstream,Pla2g2d,,,-1.195
Upstream,CDH1,,,-1.195
Upstream,SERPINC1,,,-1.192
Upstream,HEIH,,,-1.188
Upstream,ANGPT1,,,-1.183
Upstream,BACH1,,,-1.165
Upstream,NR0B2,-1.103,-0.816,-1.163
Upstream,ADCYAP1,,0.39,-1.162
Upstream,HMGA1,,-0.937,-1.161
Upstream,BDNF,,-0.314,-1.158
Upstream,ITGB3,,1.078,-1.157
Upstream,CPE,,,-1.154
Upstream,TGF beta,0.748,-0.468,-1.15
Upstream,IL10RA,-2.714,-2.837,-1.147
Upstream,NLRP12,-0.922,-0.49,-1.141
Upstream,NOS3,,,-1.138
Upstream,CBX5,,-1.342,-1.134
Upstream,SREBF2,-2.967,-3.571,-1.131
Upstream,SUMO3,-1.477,-1.477,-1.131
Upstream,ATM,,-1.154,-1.131
Upstream,AHCY,,,-1.131
Upstream,MAPK7,,,-1.131
Upstream,ADAM12,,,-1.131
Upstream,ADRB2,,,-1.131
Upstream,MMP9,-0.415,-0.449,-1.119
Upstream,Serpina3n (includes others),,,-1.118
Upstream,QKI,-1.667,-1.976,-1.117
Upstream,LYN,-1.915,-2.323,-1.114
Upstream,EGFR,-0.331,0.237,-1.113
Upstream,RORC,,,-1.109
Upstream,RHOA,,0.391,-1.102
Upstream,NR3C1,-0.639,-1.45,-1.091
Upstream,C3AR1,0.434,-1.285,-1.091
Upstream,GFI1,-2.407,-2.24,-1.08
Upstream,AMPK,,,-1.076
Upstream,SYVN1,-0.152,-0.478,-1.069
Upstream,SERPINA1,-1.982,-2.433,-1.067
Upstream,TIMP3,,-1.387,-1.067
Upstream,KAT2A,,0.277,-1.067
Upstream,DEK,,0.585,-1.067
Upstream,miR-511-5p (miRNAs w/seed UGUCUUU),-1.067,,-1.067
Upstream,IgA,0.147,,-1.067
Upstream,mir-7 (includes others),,,-1.067
Upstream,TRA,,,-1.067
Upstream,CIP2A,,,-1.067
Upstream,ADAP1,,,-1.067
Upstream,VTN,,-0.665,-1.062
Upstream,GNA13,,,-1.053
Upstream,PELI1,,,-1.044
Upstream,RTCB,,,-1.035
Upstream,TSC2,-2.598,-2.95,-1.034
Upstream,ETV7,-0.343,-1.497,-1.027
Upstream,HNRNPU,,-1.179,-1.026
Upstream,IL10,-0.426,0.093,-1.019
Upstream,KLF15,,,-1.01
Upstream,DAXX,-2.236,-2.236,-1
Upstream,ZRANB1,,-2,-1
Upstream,EFNA2,,,-1
Upstream,DDX25,,,-1
Upstream,GHR,,,-1
Upstream,INHA,,,-1
Upstream,DIO3,,,-1
Upstream,SMARCA2,,,-1
Upstream,PIAS1,,,-1
Upstream,LATS1,,,-1
Upstream,Serpinb3a,,,-1
Upstream,SOD1,,,-1
Upstream,F2R,,1.073,-0.999
Upstream,WTAP,-1.131,,-0.985
Upstream,PLCG2,-0.988,-1.579,-0.984
Upstream,RXRA,-1.922,-2.125,-0.97
Upstream,SNAI1,,-1.727,-0.956
Upstream,GATA3,,-1.432,-0.956
Upstream,PRKAA2,-2.219,-0.781,-0.956
Upstream,MEF2C,,-1.387,-0.928
Upstream,miR-124-3p (and other miRNAs w/seed AAGGCAC),,-1.588,-0.908
Upstream,CREBBP,0.9,1.666,-0.901
Upstream,PPARG,0.829,1.522,-0.894
Upstream,AKT2,,-1.118,-0.883
Upstream,CD274,1.955,1.299,-0.878
Upstream,miR-182-5p (and other miRNAs w/seed UUGGCAA),-2.236,-0.853,-0.87
Upstream,EIF4EBP2,,-1.573,-0.851
Upstream,CASR,-1.342,-1.134,-0.816
Upstream,LRP1B,-2.449,-1,-0.816
Upstream,AIRE,-1,-1,-0.816
Upstream,RHO,,-1,-0.816
Upstream,PTPN1,-1,,-0.816
Upstream,PRKCB,,-1.154,-0.808
Upstream,CCN2,,-1.285,-0.758
Upstream,HSP70,-1.825,-0.585,-0.747
Upstream,EGR3,,1.471,-0.736
Upstream,estrogen receptor,0,1.414,-0.711
Upstream,VCAN,1.13,0.478,-0.71
Upstream,PSMB11,,-1.134,-0.707
Upstream,ELF4,-1.202,-1.18,-0.691
Upstream,XBP1,0.582,1.637,-0.683
Upstream,FGF2,1.286,-0.732,-0.666
Upstream,HOTAIR,-1.458,0.055,-0.661
Upstream,TREM1,-1.366,-0.635,-0.653
Upstream,E2F1,,-1.055,-0.616
Upstream,SPRY2,,-1.633,-0.6
Upstream,HOXA10,,-1.219,-0.6
Upstream,EIF4EBP1,,-1.195,-0.586
Upstream,GATA1,,-1.341,-0.584
Upstream,KDM6A,,-1.387,-0.577
Upstream,AREG,-1.342,-0.511,-0.569
Upstream,NR1H3,-0.068,-1.118,-0.567
Upstream,TAP1,-1.608,-0.889,-0.558
Upstream,RAG2,,1,-0.555
Upstream,WWTR1,-1.55,-2.397,-0.54
Upstream,TCF7L2,,-1.091,-0.539
Upstream,mir-142 (includes others),-1.455,-1.294,-0.537
Upstream,IRF2,-1.636,-1.393,-0.524
Upstream,FGFR2,-1.671,-1.316,-0.469
Upstream,GIP,1.98,0.373,-0.469
Upstream,TFRC,,-1,-0.447
Upstream,RELB,-0.73,-1.372,-0.411
Upstream,NPM1,1.109,1.992,-0.389
Upstream,USP22,-0.059,1.187,-0.388
Upstream,NR1H,-1.047,-1.995,-0.383
Upstream,miR-26a-5p (and other miRNAs w/seed UCAAGUA),,-1.214,-0.361
Upstream,MMP1,,2.15,-0.349
Upstream,CD200,-1.17,-0.393,-0.339
Upstream,IL1R1,0.677,2.434,-0.332
Upstream,OPA1,-1.131,-1.404,-0.314
Upstream,miR-21-5p (and other miRNAs w/seed AGCUUAU),-1.974,-0.933,-0.301
Upstream,ATF6,,1.288,-0.29
Upstream,PPP2CA,-2.297,-2.191,-0.273
Upstream,TCF7,0,1.42,-0.251
Upstream,NEIL2,,-1.633,-0.239
Upstream,TP73,1.342,0.49,-0.213
Upstream,STAT6,-2.373,-1.679,-0.206
Upstream,CDKN1A,-1.067,0.405,-0.197
Upstream,LMNA,-1.188,-1.615,-0.192
Upstream,Il22/Il22b,,1.875,-0.187
Upstream,CCR2,1.929,0.617,-0.184
Upstream,INHBA,,1.236,-0.179
Upstream,PIK3CG,-1.134,-1.134,-0.17
Upstream,LAPTM5,,-1,-0.152
Upstream,FFAR3,1.982,1.387,-0.152
Upstream,CHI3L1,,2,-0.135
Upstream,CAMK4,,1.342,-0.127
Upstream,VIP,-1.478,0.495,-0.116
Upstream,PTPN6,-1,-0.823,-0.083
Upstream,CYLD,-0.152,-1.095,-0.077
Upstream,AIM2,-0.12,-1.231,-0.068
Upstream,MERTK,1.512,0.43,-0.063
Upstream,YBX1,,1,-0.055
Upstream,HSP27,-0.254,1,-0.029
Upstream,mir-1 (includes others),,-1.331,-0.022
Upstream,PTEN,-0.46,-1.757,-0.017
Upstream,ELANE,0.941,1.969,-0.013
Upstream,GLI3,,1,0
Upstream,HBEGF,,1.432,0
Upstream,IL17F,0.201,1.316,0.007
Upstream,NOTCH1,1.951,-1.162,0.009
Upstream,SATB1,-1.528,-0.719,0.014
Upstream,IL17C,,1.057,0.054
Upstream,MMP2,1.231,1.818,0.068
Upstream,CSF1,2.003,0.943,0.07
Upstream,TEK,-2.335,-1.66,0.077
Upstream,AGER,1.637,0.945,0.093
Upstream,IL6R,1.103,0.922,0.1
Upstream,miR-17-5p (and other miRNAs w/seed AAAGUGC),-1.237,-0.566,0.121
Upstream,HSPA5,1.147,0.59,0.149
Upstream,mir-21 (includes others),-2.383,-1.415,0.152
Upstream,PIM3,,-1,0.152
Upstream,CH25H,2,2.449,0.152
Upstream,KLF2,,1,0.19
Upstream,ADRB,,1.387,0.218
Upstream,CAV1,-1.177,-1.461,0.235
Upstream,EBF1,2.393,2.229,0.235
Upstream,IL17R,,2.2,0.243
Upstream,DRD2,,1.912,0.246
Upstream,JAK2,1.758,2.113,0.259
Upstream,GNAS,,1.342,0.277
Upstream,CTNNB1,2.042,2.346,0.282
Upstream,EGR2,0.221,1.12,0.288
Upstream,LMO2,-1,-0.775,0.302
Upstream,IGFBP3,,1.091,0.314
Upstream,CDK9,,2.219,0.314
Upstream,C5AR1,1.131,-0.448,0.315
Upstream,SMPD1,1.633,1,0.333
Upstream,LPL,1.969,1.455,0.342
Upstream,TRIM28,-1.172,-2.184,0.351
Upstream,GAST,,1.103,0.358
Upstream,NCOA2,1.219,1.121,0.358
Upstream,SP1,2.453,2.188,0.377
Upstream,TIRAP,-1.176,-1.286,0.395
Upstream,TLR8,,1.213,0.402
Upstream,26S proteasome,-1.212,-1.942,0.409
Upstream,HIF1A,1.66,1.869,0.421
Upstream,IKBKE,1.303,1.246,0.431
Upstream,SLC29A1,,2,0.431
Upstream,mir-130 (includes others),,1.655,0.442
Upstream,TSPO,2,2,0.447
Upstream,CEBPD,,1.684,0.45
Upstream,SPP1,,2.061,0.451
Upstream,LEP,1.605,1.538,0.455
Upstream,YY1,2.2,1.718,0.475
Upstream,CEBPB,-0.485,-1.068,0.476
Upstream,ITGAV,,1.673,0.483
Upstream,EHF,,1.911,0.485
Upstream,RAF1,,1.052,0.49
Upstream,CD2,1.067,,0.491
Upstream,FSH,,2.407,0.508
Upstream,SMAD3,,1.011,0.53
Upstream,CLDN7,,-1,0.555
Upstream,SLPI,,1.067,0.555
Upstream,STAT1/3/5 dimer,,1.387,0.555
Upstream,DNMT3B,2.213,1.51,0.555
Upstream,GDF2,,1.165,0.56
Upstream,TNFSF15,,-1.154,0.591
Upstream,TAC1,1.253,1.49,0.592
Upstream,F2RL1,-0.04,1.561,0.616
Upstream,CDKN2A,,-1.231,0.623
Upstream,YAP1,1.635,1.626,0.624
Upstream,HRAS,0.696,1.014,0.625
Upstream,NCOA3,,1.98,0.638
Upstream,SERPINE1,0,1.226,0.647
Upstream,JNK,1.218,0.965,0.654
Upstream,FOXO1,1.656,1.945,0.657
Upstream,CEBPA,0.664,2.964,0.662
Upstream,FOXL2,,1.231,0.663
Upstream,ACVRL1,1,,0.692
Upstream,EGR1,0.749,1.434,0.695
Upstream,MAP2K6,1.368,1.988,0.702
Upstream,TAL1,,-2.646,0.707
Upstream,STAT3,0.959,1.489,0.707
Upstream,SERPINB3,,1.818,0.707
Upstream,TNFSF10,1.553,2.999,0.718
Upstream,Hbb-b1,2,2.138,0.721
Upstream,NOD2,,1.31,0.723
Upstream,NF2,1.131,0.883,0.742
Upstream,growth hormone,2.226,1.574,0.754
Upstream,FOXP3,,-2,0.757
Upstream,NCOA1,,1.131,0.763
Upstream,PRKCD,1.405,1.695,0.771
Upstream,ELK1,,1.787,0.783
Upstream,PI3K (family),2.702,2.566,0.806
Upstream,ARHGAP21,,1.342,0.816
Upstream,SALL4,2,2.53,0.816
Upstream,MDM2,1.067,,0.818
Upstream,STAT5A,1.214,1.138,0.827
Upstream,GH1,2.177,1.212,0.831
Upstream,IL22,0.588,2.728,0.84
Upstream,MALT1,,1.98,0.849
Upstream,SYK,-0.303,1.007,0.88
Upstream,TSH,1.131,,0.883
Upstream,IL36A,0.886,1.599,0.886
Upstream,PTGS1,,1.131,0.889
Upstream,THPO,2.592,1.848,0.894
Upstream,HFE,1.067,0.555,0.896
Upstream,ITGB1,0.394,2.186,0.901
Upstream,TREM2,,-1.253,0.926
Upstream,GSK3,1.067,0.651,0.943
Upstream,SNCA,2.157,2.568,0.943
Upstream,LTA,2.219,0.863,0.946
Upstream,IL13,2.546,1.392,0.966
Upstream,FABP3,-1,0.152,0.97
Upstream,TRAF2,-0.32,1.633,0.979
Upstream,CD44,2.345,1.069,0.984
Upstream,EIF4E,2.236,1.902,0.988
Upstream,IL17A,1.79,3.18,0.994
Upstream,PARP1,1.475,0.694,0.995
Upstream,GLI1,2.264,1.604,0.996
Upstream,WBP2,,-2,1
Upstream,LAMA4,,-0.128,1
Upstream,ZNFX1,,1,1
Upstream,NTRK2,,1,1
Upstream,ANXA7,,1.134,1
Upstream,CYLD-AS1,,1.342,1
Upstream,FGF7,,1.342,1
Upstream,MUC16,1.342,2.121,1
Upstream,CARD9,2.228,2.228,1
Upstream,CDK5R1,-1,,1
Upstream,APH-1,,,1
Upstream,RC3H2,,,1
Upstream,APTX,,,1
Upstream,Fibrinogen,,1.387,1.001
Upstream,Cxcl1,,,1.004
Upstream,ERN1,,-0.348,1.006
Upstream,EGF,2.041,2.266,1.006
Upstream,MAPK8,-0.762,0.497,1.011
Upstream,AKT,1.369,1.476,1.014
Upstream,mir-214 (includes others),,-1,1.016
Upstream,NLRP3,0.256,0.89,1.022
Upstream,PRKAA1,-0.06,-0.122,1.03
Upstream,HAVCR1,1.912,1.929,1.035
Upstream,TLR5,,,1.038
Upstream,TSLP,1.114,0.243,1.043
Upstream,OGA,1,1.807,1.049
Upstream,RET,1.009,2.219,1.053
Upstream,SPARC,1.869,1.156,1.06
Upstream,MDK,,1.951,1.06
Upstream,KLRK1,1.987,0.643,1.061
Upstream,FCGR2A,1.634,2.383,1.065
Upstream,MFGE8,,2.63,1.066
Upstream,Collagen type II,0,0.707,1.067
Upstream,LTBR,,1,1.067
Upstream,PTTG1,,,1.067
Upstream,SLC9A1,,,1.067
Upstream,CARM1,,,1.067
Upstream,BTNL2,,,1.067
Upstream,IL3,1.43,0.719,1.069
Upstream,TICAM2,-0.651,0.096,1.074
Upstream,CSF3,1.639,2.598,1.074
Upstream,CSF2,3.695,2.748,1.084
Upstream,CFB,,1,1.091
Upstream,KDM3A,,,1.103
Upstream,NfkB-RelA,1.456,1.749,1.107
Upstream,HDAC4,,,1.109
Upstream,let-7 (includes others),,0.237,1.111
Upstream,Cdkn2a,1.122,1.035,1.114
Upstream,HDAC6,,,1.114
Upstream,SOD2,,,1.114
Upstream,CASP1,,,1.119
Upstream,PRKD1,,0.975,1.123
Upstream,MAP2K1/2,,0.887,1.131
Upstream,ZNF395,1.987,1.987,1.131
Upstream,PI3,,,1.131
Upstream,Complement,,,1.131
Upstream,DDR1,,,1.131
Upstream,PPIF,-0.832,-0.2,1.134
Upstream,ADAMTSL2,,1,1.134
Upstream,LCK,,1.091,1.138
Upstream,HMGB1,2.225,1.941,1.14
Upstream,ECSIT,1.22,2.378,1.141
Upstream,PDE4,,-0.025,1.143
Upstream,USP39,,-0.737,1.144
Upstream,PLAT,0.832,1.184,1.144
Upstream,NR4A3,,0.555,1.148
Upstream,DDOST,,,1.154
Upstream,CCR1,,,1.154
Upstream,Casp4,,1.4,1.159
Upstream,CTSK,,,1.165
Upstream,GCR/glucocorticoid dimer,,,1.165
Upstream,IRF6,0.761,1.969,1.166
Upstream,TRPV4,1.982,1.698,1.172
Upstream,JUND,,1.982,1.172
Upstream,MAT2A,,,1.172
Upstream,PTK2,,,1.172
Upstream,MAP3K8,1.816,1.898,1.173
Upstream,IRF8,0.606,1.178,1.182
Upstream,Cxcl2,,,1.188
Upstream,mir-34 (includes others),,-0.343,1.191
Upstream,MTORC1,,,1.195
Upstream,AIMP1,,,1.195
Upstream,PTGES,,,1.196
Upstream,NR3C2,1.715,0.728,1.204
Upstream,NFkB (family),1.735,1.96,1.212
Upstream,TNFSF11,1.179,0.591,1.216
Upstream,FOSL1,-0.603,-0.063,1.217
Upstream,MAP3K7,0.794,1.814,1.219
Upstream,RIPK3,,,1.231
Upstream,CG,0.447,2.693,1.232
Upstream,KLF3,,-0.128,1.238
Upstream,BATF,,0.293,1.242
Upstream,TRAF6,1.316,2.752,1.244
Upstream,FLT3LG,0.786,0.621,1.246
Upstream,IFI16,1.572,1.191,1.246
Upstream,HAVCR2,,,1.256
Upstream,SELPLG,,1.342,1.257
Upstream,TMEM120A,0.9,1.96,1.264
Upstream,CTF1,,,1.264
Upstream,DHX9,,0.985,1.27
Upstream,PLG,,0.625,1.274
Upstream,PF4,0.891,1.699,1.288
Upstream,NOTCH3,,2.205,1.293
Upstream,ZBP1,0.579,2.365,1.297
Upstream,RETN,,1.217,1.303
Upstream,NFAT (family),,,1.305
Upstream,SRC (family),,1.217,1.308
Upstream,DDIT4,,,1.315
Upstream,PTGS2,1.571,2.888,1.316
Upstream,CD5,,2,1.32
Upstream,PKA,,1.467,1.325
Upstream,F10,,,1.336
Upstream,F2,1.52,2.434,1.341
Upstream,HMG20A,,1,1.342
Upstream,collagenase,,1,1.342
Upstream,PRDM2,,2,1.342
Upstream,ROCK1,,,1.342
Upstream,IKBKB,2.171,3.264,1.344
Upstream,CD28,0.748,1.332,1.346
Upstream,RFX1,,0.218,1.348
Upstream,TIFA,,1.732,1.348
Upstream,PI3K (complex),1.505,1.8,1.349
Upstream,LIF,1.464,1.888,1.35
Upstream,S100A8,1.834,2.094,1.363
Upstream,IKBKG,1.696,2.951,1.368
Upstream,CCL2,0.412,1.343,1.37
Upstream,DDIT3,,2.144,1.372
Upstream,PLAAT4,,0.352,1.374
Upstream,PHB1,,,1.381
Upstream,DPP4,0.819,1.104,1.383
Upstream,FN1,0.592,1.976,1.383
Upstream,Fcgr2b,,0.555,1.387
Upstream,PIK3CA,,1.067,1.387
Upstream,Saa1/Saa2,,1.982,1.387
Upstream,CXCR4,1.067,2.415,1.387
Upstream,Alox15,,,1.387
Upstream,TRAF3,1.037,0.734,1.388
Upstream,NACC1,,1.123,1.39
Upstream,ESRRA,,,1.394
Upstream,EGOT,1.4,1.4,1.4
Upstream,IL1RL2,0.651,2.1,1.404
Upstream,ARID1A,-0.598,-1.013,1.405
Upstream,LPA,,,1.412
Upstream,MSC,1.342,1.633,1.414
Upstream,UBE2M,2.236,2.828,1.414
Upstream,TCR (complex),0.546,1.302,1.419
Upstream,KLF7,1.994,1.994,1.432
Upstream,JINK1/2,,,1.432
Upstream,ID3,-0.283,2.041,1.434
Upstream,CD3E,,,1.443
Upstream,CNTF,3.026,3.382,1.446
Upstream,BRD4,1.601,1.202,1.447
Upstream,SMARCA4,2.939,1.823,1.456
Upstream,NOX4,,0.327,1.458
Upstream,MAP2K3,1.567,2.236,1.468
Upstream,PIEZO1,,,1.477
Upstream,RNASE2,,,1.481
Upstream,SREBF1,,0.577,1.484
Upstream,JUNB,,2.008,1.491
Upstream,EPAS1,-0.297,-1.149,1.496
Upstream,NFKBIA,1.63,2.232,1.498
Upstream,IL36G,1.526,2.718,1.505
Upstream,CCL11,1.808,0.97,1.506
Upstream,IL17A dimer,,1.246,1.506
Upstream,TNFSF13B,1.342,1.566,1.508
Upstream,ATF4,,1.509,1.512
Upstream,PCSK9,,1.165,1.513
Upstream,Fcgr3,,0,1.516
Upstream,IL32,2.067,2.574,1.519
Upstream,NFKB1,2.1,2.612,1.524
Upstream,NFKBIZ,,1.982,1.533
Upstream,CD80,,1.982,1.533
Upstream,NOS2,0.799,2.552,1.535
Upstream,ANXA1,-0.218,-0.392,1.545
Upstream,CD14,1.769,1.976,1.546
Upstream,NFIL3,,,1.561
Upstream,STAT5A/B,,1.09,1.563
Upstream,C5,1.332,1.866,1.577
Upstream,POU2AF1,1.972,2.2,1.584
Upstream,mir-181 (includes others),,-0.283,1.585
Upstream,USP47,,,1.599
Upstream,SPDEF,,,1.633
Upstream,SELP,,,1.633
Upstream,BRCA1,1.915,1.783,1.653
Upstream,IL17RA,1.3,2.994,1.664
Upstream,DOCK8,1.913,1.36,1.667
Upstream,KEAP1,,,1.671
Upstream,APC,,0.156,1.673
Upstream,MAPT,1.014,2.207,1.683
Upstream,ATF2,,0.869,1.685
Upstream,RGS1,,,1.698
Upstream,mir-10 (includes others),,-0.652,1.706
Upstream,TLN1,,1.069,1.706
Upstream,AHR,2.637,3.042,1.713
Upstream,RARB,2.219,2.433,1.72
Upstream,MAPK9,0.2,1.912,1.727
Upstream,Lymphotoxin,,,1.732
Upstream,NFKBIE,,,1.732
Upstream,Fc gamma receptor,,,1.732
Upstream,CHUK,2.08,3.084,1.734
Upstream,PARP9,1.97,2.087,1.761
Upstream,IKK (complex),,1.067,1.762
Upstream,TLR2,1.32,1.531,1.763
Upstream,mir-24 (includes others),,,1.779
Upstream,OLR1,,1.067,1.791
Upstream,REL,0.865,0.924,1.799
Upstream,MUC1,2.139,2.226,1.823
Upstream,IL23,,1.408,1.844
Upstream,STAT,2.434,2.434,1.854
Upstream,SAA,1.525,2.165,1.855
Upstream,IL4,0.037,1.323,1.871
Upstream,CD38,2.216,1.964,1.886
Upstream,TNFSF14,,1.561,1.889
Upstream,ITPR2,2.63,3.302,1.89
Upstream,CSF1R,,,1.89
Upstream,SASH1,2.828,2.111,1.897
Upstream,IL1,2.857,3.911,1.908
Upstream,CXCL12,2.418,3.228,1.909
Upstream,MAPK14,1.09,1.441,1.91
Upstream,TANK,,1.911,1.911
Upstream,IL23A,,1.387,1.934
Upstream,ROCK2,,0.762,1.937
Upstream,CYBB,2.2,2.158,1.937
Upstream,CD3 (complex),1.746,2.224,1.94
Upstream,RBX1,1.633,1.414,1.941
Upstream,UBR5,2.738,2.441,1.941
Upstream,Samsn1,3,2.496,1.941
Upstream,Ap1,0.496,0.756,1.947
Upstream,IFNGR1,2.592,3.101,1.95
Upstream,CELF1,,,1.951
Upstream,CNR1,,,1.953
Upstream,MAP3K14,,1.795,1.956
Upstream,Ccr5,,1.985,1.961
Upstream,CD36,0.194,1.97,1.964
Upstream,IKZF4,,,1.964
Upstream,PTGER2,,1.941,1.969
Upstream,TNFRSF13B,,,1.969
Upstream,POSTN,,,1.969
Upstream,GDF11,,,1.969
Upstream,PFKFB3,,,1.977
Upstream,STAT1/STAT2,1.98,1.98,1.98
Upstream,CTSS,,2.213,1.982
Upstream,JAK1/2,1.982,2.219,1.982
Upstream,IC,,,1.982
Upstream,IgG1,,,1.982
Upstream,LRPAP1,,,1.982
Upstream,USP7,,,1.982
Upstream,RNASE1,,,1.982
Upstream,IL24,1.301,1.495,1.993
Upstream,IL18R1,0,0,2
Upstream,ATP1B1,1.994,1.606,2
Upstream,HDAC2,,2,2
Upstream,IL1R,0.763,2.588,2
Upstream,FBXL6,,,2
Upstream,ADAM10,,,2
Upstream,NFAT (complex),,,2
Upstream,IL25,,,2.021
Upstream,EIF2AK2,3.518,3.292,2.036
Upstream,KLF6,2.173,3.732,2.042
Upstream,EZH2,3.212,1.732,2.069
Upstream,IL9,,,2.072
Upstream,CXCR3,,1.982,2.078
Upstream,IL5,2.112,2.726,2.078
Upstream,FcER1,1.334,2.611,2.099
Upstream,G protein alpha i,2.828,3.162,2.121
Upstream,TOX,,,2.121
Upstream,IL12B,1.435,1.517,2.123
Upstream,IFNL3,2.176,2.384,2.176
Upstream,IRF9,2.246,3.018,2.18
Upstream,IFNE,2.611,2.158,2.184
Upstream,S100A4,,1.176,2.189
Upstream,MOG,,1.98,2.189
Upstream,MAPKAPK2,-1.628,1.084,2.191
Upstream,ISGF3,2.596,2.596,2.191
Upstream,IL31,,,2.198
Upstream,DKK1,,2.2,2.2
Upstream,pro-inflammatory cytokine,,,2.2
Upstream,KLK5,,,2.2
Upstream,RBPJ,2.03,2.252,2.206
Upstream,SGPL1,0.894,1.216,2.209
Upstream,HSPD1,,,2.209
Upstream,DACH1,,,2.213
Upstream,ORAI1,,2,2.216
Upstream,mir-96,1.982,1.664,2.219
Upstream,FAM222A,1.987,2.224,2.224
Upstream,VGLL3,2.233,2.434,2.224
Upstream,EBI3,1.875,1.453,2.226
Upstream,CD40,1.832,2.01,2.229
Upstream,IL7,2.426,1.891,2.236
Upstream,Hbb-b2,2,2.138,2.236
Upstream,FBN1,2.236,2.236,2.236
Upstream,TNK1,2.236,2.236,2.236
Upstream,POU4F2,,2.449,2.236
Upstream,mir-183,2.219,2.698,2.236
Upstream,ZBTB10,3.742,2.837,2.236
Upstream,ANGPT2,2.219,1.283,2.238
Upstream,RELA,1.836,2.856,2.251
Upstream,mir-15 (includes others),2.196,1.414,2.255
Upstream,LDLR,,-0.277,2.278
Upstream,LGALS3,1.067,1,2.292
Upstream,S100A9,1.24,2.646,2.293
Upstream,CX3CL1,1.213,1.528,2.328
Upstream,CD40LG,2.92,3.843,2.328
Upstream,JAK,2.828,2.137,2.331
Upstream,RRAS2,1.342,2.828,2.333
Upstream,SMARCB1,2.92,2.86,2.333
Upstream,Immunoglobulin,3.972,1.475,2.334
Upstream,TRADD,,2.967,2.343
Upstream,TASL,2.121,2.646,2.345
Upstream,IL4R,2,2.646,2.36
Upstream,CD86,,2.219,2.362
Upstream,JUN,0.549,2.661,2.362
Upstream,MEF2A,2.219,2.582,2.383
Upstream,CCDC134,2,2,2.407
Upstream,Ifnl2/Ifnl3,2.412,2.412,2.423
Upstream,TPH1,,,2.423
Upstream,IFNA17,1.982,2.219,2.425
Upstream,SRGN,,2,2.433
Upstream,IFNK,2.646,2.121,2.442
Upstream,NFATC2,2.249,2.789,2.446
Upstream,TNF (family),2.678,2.899,2.448
Upstream,LINC02574,2.236,1.89,2.449
Upstream,TLR,2.957,2.326,2.456
Upstream,JAK1,2.377,3.088,2.478
Upstream,IL6,3.31,3.437,2.488
Upstream,BTK,3.482,3.116,2.52
Upstream,CCL20,2.63,2.985,2.538
Upstream,ORMDL3,2.157,2.975,2.55
Upstream,p38 MAPK,3.188,2.574,2.571
Upstream,IFNAR2,,2.433,2.582
Upstream,IL12A,2.209,2,2.585
Upstream,cytokine,3.176,3.365,2.589
Upstream,IL12 (complex),3.498,3.466,2.592
Upstream,IFNA21,2.396,2.396,2.596
Upstream,STAT1 Dimer,2.58,2.58,2.599
Upstream,IFNA16,2.402,2.402,2.602
Upstream,IFNA7,2.402,2.402,2.602
Upstream,IFNA6,2.402,2.402,2.602
Upstream,IFNA14,2.402,2.402,2.602
Upstream,IFNA10,2.402,2.402,2.602
Upstream,IFNA5,2.402,2.402,2.602
Upstream,IFNA8,2.414,2.414,2.613
Upstream,TLR3,2.705,2.698,2.615
Upstream,YTHDC2,2.449,2.813,2.63
Upstream,FAS,1.119,2.008,2.643
Upstream,STAT4,2.949,2.944,2.645
Upstream,CSF,2.646,2.887,2.646
Upstream,PRKCA,2.382,1.8,2.682
Upstream,IFN alpha/beta,3.8,3.042,2.683
Upstream,TBX21,,1.219,2.69
Upstream,BHLHE40,3.357,4.041,2.696
Upstream,TYK2,1.303,2.046,2.698
Upstream,TWIST1,2.319,1.569,2.701
Upstream,PAF1,2.828,1.897,2.714
Upstream,STAT2,2.588,2.467,2.715
Upstream,IRF5,3.422,3.198,2.721
Upstream,AGT,3.233,2.865,2.732
Upstream,CAMP,1.442,2.925,2.771
Upstream,PLAU,1.961,1.976,2.787
Upstream,TRAF3IP2,,2.61,2.795
Upstream,MYD88,3.031,3.497,2.797
Upstream,TGM2,3.5,3.81,2.797
Upstream,Mrgpra2a (includes others),3.317,3.742,2.828
Upstream,IFIH1,2.559,3.208,2.897
Upstream,IFNA4,3.06,3.05,2.903
Upstream,CEBPE,,2.401,2.907
Upstream,PRL,4.415,3.354,2.943
Upstream,C1QA,3.096,3.096,2.951
Upstream,IFNL4,3.137,3.137,2.974
Upstream,SLC15A4,3.201,3.491,2.975
Upstream,IL2,3.68,2.015,2.978
Upstream,IL21,2.083,3.222,3.051
Upstream,RNY3,3.317,3.317,3.162
Upstream,FADD,3.04,3.314,3.179
Upstream,TLR7,3.81,4.395,3.184
Upstream,TNFSF12,2.049,2.31,3.244
Upstream,IL33,3.088,3.946,3.255
Upstream,SENP3,3.317,3.317,3.317
Upstream,TLR9,3.979,3.505,3.323
Upstream,IL18,2.822,3.242,3.338
Upstream,APP,2.452,3.589,3.341
Upstream,LDL,4.525,4.04,3.38
Upstream,SPI1,3.873,4.672,3.431
Upstream,IFN gamma,3.728,3.414,3.435
Upstream,FOXC1,4.461,4.487,3.448
Upstream,CGAS,3.728,4.357,3.462
Upstream,IL12 (family),2.774,2.983,3.51
Upstream,IL1A,3.42,4.418,3.518
Upstream,IFN,4.772,4.259,3.584
Upstream,TLR4,3.568,3.719,3.684
Upstream,OSM,3.413,4.735,3.739
Upstream,TNIK,4.315,4.031,3.781
Upstream,NFkB (complex),4.4,4.305,3.81
Upstream,IgE,2.319,2.194,3.852
Upstream,IFNA1/IFNA13,4.022,3.737,3.886
Upstream,TICAM1,3.673,3.47,3.892
Upstream,TP53,3.088,3.778,3.899
Upstream,STAT1,4.882,5.042,3.913
Upstream,RIGI,4.754,4.423,3.944
Upstream,MAVS,4.805,4.167,3.957
Upstream,IFNAR1,4.062,4.063,3.967
Upstream,IL15,2.85,2.79,4.055
Upstream,IFNL1,4.267,4.588,4.063
Upstream,IFNAR,4.666,4.389,4.096
Upstream,PML,4.188,4.001,4.107
Upstream,TERT,3.206,3.472,4.134
Upstream,CHROMR,4.664,4.218,4.561
Upstream,IRF3,4.693,3.943,4.684
Upstream,IFN type 1,4.993,4.86,4.766
Upstream,IL27,5.288,5.37,4.925
Upstream,RIPK2,4.548,4.469,5.031
Upstream,IL1B,5.63,6.972,5.038
Upstream,IRF1,5.745,5.329,5.094
Upstream,NONO,5.422,5.014,5.145
Upstream,IRF7,5.938,5.331,5.178
Upstream,IFNA2,5.872,5.797,5.197
Upstream,IFN beta,5.365,4.419,5.205
Upstream,IFNB1,5.085,4.834,5.38
Upstream,STING1,5.275,5.674,5.424
Upstream,TNF,6.566,6.928,5.752
Upstream,interferon alpha,6.928,6.866,6.902
Upstream,IFNG,7.514,8.138,7.055
Upstream,TNIP1,-2,-2.598,
Upstream,UBE2I,-2.236,-2.449,
Upstream,PRKCI,-2,-2.236,
Upstream,YTHDF2,,-2.2,
Upstream,RPL13A,,-2,
Upstream,TRAF1,,-2,
Upstream,TEAD,,-1.987,
Upstream,ANKIB1,-1.982,-1.982,
Upstream,CSNK1G3,-1.982,-1.982,
Upstream,PRKAA,,-1.982,
Upstream,TNFRSF11A,,-1.982,
Upstream,TWIST2,,-1.981,
Upstream,ST8SIA1,,-1.981,
Upstream,TNFAIP6,,-1.969,
Upstream,STK40,,-1.96,
Upstream,DCAF1,,-1.955,
Upstream,RNF5,,-1.89,
Upstream,PIAS4,,-1.732,
Upstream,MECOM,,-1.715,
Upstream,CD22,,-1.387,
Upstream,NOTCH,,-1.342,
Upstream,mir-27 (includes others),,-1.288,
Upstream,BTG2,,-1.279,
Upstream,ERBB3,,-1.265,
Upstream,mir-19 (includes others),,-1.131,
Upstream,KDM1A,-0.762,-1.109,
Upstream,SSB,,-1.067,
Upstream,CUL3,,-1.067,
Upstream,MEN1,,-1.067,
Upstream,NCSTN,,-1,
Upstream,EIF4B,,-1,
Upstream,LGR4,,-1,
Upstream,DSCAM,,-1,
Upstream,SOCS2,,1,
Upstream,HSP90B1,,1,
Upstream,ACOX1,,1,
Upstream,IFNL2,,1,
Upstream,BAK1,,1,
Upstream,STOML2,,1.029,
Upstream,MSR1,,1.067,
Upstream,TP53COR1,,1.091,
Upstream,EIF2AK3,1.121,1.121,
Upstream,BIRC2,,1.131,
Upstream,BLK,,1.172,
Upstream,HK2,,1.195,
Upstream,ZNF148,,1.264,
Upstream,GPR174,,1.342,
Upstream,XYLT1,,1.522,
Upstream,ABL1,,1.919,
Upstream,CARD8,1.941,1.941,
Upstream,LAMA5,,1.954,
Upstream,PRMT5,,1.992,
Upstream,CDC73,2,2,
Upstream,LOC124902114,1.997,2.219,
Upstream,IFT88,,2.236,
Upstream,KRT17,,2.449,
Upstream,NLRC5,,2.728,
Upstream,LY6E,1,,
Upstream,TRAF5,1.091,,
Functional,Viral life cycle,-3.553,-3.29,-3.691
Functional,Infection of mammalia,-3.048,-3.928,-3.684
Functional,Replication of viral replicon,-3.42,-3.154,-3.553
Functional,Viral Infection,-2.47,-2.777,-3.389
Functional,Infection by RNA virus,-1.108,-1.89,-3.231
Functional,Replication of virus,-3.423,-2.74,-3.201
Functional,Replication of RNA virus,-3.134,-2.763,-3.015
Functional,Formation of lymphoid tissue,0.956,-0.527,-2.866
Functional,Parasitic Infection,-0.277,-2.767,-2.53
Functional,Formation of lymphoid structure,,0.091,-2.438
Functional,Infection by Herpesviridae,-1.647,-2.2,-2.373
Functional,Abdominal cancer,-0.732,-1.427,-2.35
Functional,Replication of Rhabdoviridae,-2.381,-2.023,-2.307
Functional,Infection by DNA virus,-1.339,-1.872,-2.291
Functional,Proliferation of naive T lymphocytes,,,-2.181
Functional,Fibrosis of liver,-0.063,-0.653,-2.051
Functional,Replication of vesicular stomatitis virus,-2.071,-1.737,-2.026
Functional,Digestive system cancer,-1.584,-0.894,-1.856
Functional,Enteritis,,-1.613,-1.826
Functional,Intraabdominal organ tumor,-0.167,-0.697,-1.824
Functional,Ophthalmia,-1.131,-1.58,-1.802
Functional,Colitis,-0.969,-1.573,-1.801
Functional,Weight loss,,,-1.772
Functional,Abnormality of large intestine,-0.872,-1.306,-1.765
Functional,Sepsis,-0.426,-1.21,-1.756
Functional,B-cell neoplasm,,,-1.746
Functional,Differentiation of bone cells,1.352,0.312,-1.699
Functional,Binding of NFkB binding site,,0.311,-1.698
Functional,Systemic inflammatory response syndrome and/or sepsis,-0.154,-0.977,-1.691
Functional,Differentiation of osteoclasts,1.521,-0.091,-1.681
Functional,Cell viability of tumor cell lines,-0.069,-1.051,-1.604
Functional,Development of connective tissue cells,,0.21,-1.598
Functional,Cell survival,0.424,-0.814,-1.589
Functional,Cell viability of hematopoietic progenitor cells,,,-1.582
Functional,Quantity of IgG,-0.01,-1.137,-1.563
Functional,Quantity of phagocytes,0.752,-0.715,-1.563
Functional,Inflammation of gastrointestinal tract,-0.817,-1.311,-1.559
Functional,Depletion of leukocytes,-1.193,,-1.527
Functional,B cell cancer,,0.71,-1.501
Functional,Lymphocytic leukemia,,-1.432,-1.477
Functional,Colony formation,,1.406,-1.447
Functional,Cancer of secretory structure,,,-1.446
Functional,Extrapancreatic malignant tumor,-1.355,-0.612,-1.441
Functional,Dextran sodium sulfate-induced colitis,,-1.254,-1.424
Functional,Abnormal neutrophil count,-0.222,0.018,-1.396
Functional,Infection by coronavirus,-2.216,-1.424,-1.387
Functional,Quantity of lymphoid tissue,1.166,0.177,-1.348
Functional,Liver Damage,-0.817,-0.061,-1.345
Functional,Autoimmune hemolytic anemia,,,-1.342
Functional,Differentiation of connective tissue cells,0.7,0.131,-1.33
Functional,Binding of protein binding site,0.349,-0.308,-1.326
Functional,Quantity of lymphoid organ,,,-1.325
Functional,Colorectal tumor,,-0.645,-1.32
Functional,Depletion of lymphocytes,-0.943,,-1.316
Functional,Abdominal carcinoma,-1.14,-0.743,-1.308
Functional,Growth of melanoma,-2.186,,-1.303
Functional,Cell viability of cancer cells,0.322,,-1.303
Functional,Development of B lymphocytes,,,-1.303
Functional,Infection of cells,0.191,-0.596,-1.302
Functional,Malignant neoplasm of large intestine,,-0.548,-1.289
Functional,Colorectal cancer,,-0.548,-1.289
Functional,Liquid tumor,-0.61,-0.077,-1.28
Functional,Development of epithelial tissue,0.231,0.072,-1.28
Functional,Proliferation of progenitor cells,0.871,-0.577,-1.277
Functional,Development of body trunk,0.589,0.376,-1.271
Functional,Osteoclastogenesis,0.451,0.095,-1.261
Functional,Quantity of CD4+ T-lymphocytes,,-1.753,-1.255
Functional,Digestive organ tumor,-1.429,-0.872,-1.241
Functional,Quantity of myeloid cells,1.07,-0.462,-1.235
Functional,Non-central nervous system malignant neoplasm,-1.343,-0.696,-1.229
Functional,Gastrointestinal tract cancer,-0.555,-0.47,-1.219
Functional,Inflammation of organ,-0.199,-0.933,-1.203
Functional,Cell viability,0.929,-0.505,-1.201
Functional,Differentiation of hematopoietic progenitor cells,,-0.669,-1.194
Functional,Cell viability of connective tissue cells,,,-1.188
Functional,Quantity of granulocytes,0.294,-1.132,-1.183
Functional,Carcinoma,-1.85,-0.759,-1.181
Functional,Leukocytosis,-0.555,0.296,-1.177
Functional,Endothelial cell development,,-0.167,-1.171
Functional,Contact dermatitis or eczema,,0.368,-1.154
Functional,Quantity of antigen presenting cells,0.555,-0.571,-1.153
Functional,Proliferation of hematopoietic cells,,-0.314,-1.152
Functional,Synthesis of DNA,,,-1.138
Functional,Inflammation of body cavity,-0.737,-1.372,-1.127
Functional,Cell viability of myeloid cells,1.015,0.09,-1.087
Functional,Experimental colitis,0.277,-1.095,-1.08
Functional,Psoriasis,,,-1.069
Functional,Proliferation of hematopoietic progenitor cells,0.791,-0.376,-1.064
Functional,Differentiation of progenitor cells,,-0.107,-1.056
Functional,Breast or colorectal cancer,-0.692,-0.945,-1.046
Functional,Cell viability of tumor cells,1.082,0.409,-1.042
Functional,Proliferation of tumor cells,0.521,0.304,-1.03
Functional,Depletion of lymphoid cells,-0.611,0.6,-1.03
Functional,Abnormal morphology of lymphoid organ,0.466,0.385,-1.029
Functional,Development of progenitor cells,,,-1.02
Functional,Expansion of leukocytes,1.432,0.41,-1.012
Functional,Proliferation of antigen presenting cells,,,-1.011
Functional,Adenocarcinoma,,-0.133,-1.006
Functional,Cell viability of mononuclear leukocytes,1.138,0.301,-0.981
Functional,Quantity of B lymphocytes,1.876,-0.628,-0.979
Functional,Proliferation of T lymphocytes in spleen,0.082,-1.61,-0.972
Functional,Cell proliferation of leukocyte cell lines,1.486,1.396,-0.959
Functional,Expansion of mononuclear leukocytes,1.413,0.309,-0.929
Functional,Quantity of leukocytes,1.2,-0.818,-0.883
Functional,Expansion of blood cells,1.158,0.279,-0.869
Functional,Genitourinary carcinoma,,-1.054,-0.862
Functional,Genitourinary adenocarcinoma,,-1.195,-0.849
Functional,Inflammation of absolute anatomical region,-0.224,-1.22,-0.845
Functional,Growth of malignant tumor,0.281,1.56,-0.812
Functional,Quantity of blood cells,1.328,-0.442,-0.805
Functional,Development of hematopoietic progenitor cells,1.338,1.501,-0.794
Functional,Fibrosis,0.38,-1.141,-0.793
Functional,Inflammation of pancreas,-1.133,,-0.781
Functional,Growth of lymphoid tissue,,1.073,-0.764
Functional,Proliferation of activated T lymphocytes,,-1.795,-0.76
Functional,Melanoma,-0.824,-1.052,-0.738
Functional,Hemorrhagic disease,-1.4,0.266,-0.698
Functional,Advanced malignant solid tumor,-1.327,-0.724,-0.642
Functional,Metastatic solid tumor,-1.327,-0.724,-0.642
Functional,Cell viability of leukocytes,1.596,0.703,-0.626
Functional,Glomerulonephritis,0.647,-1.115,-0.606
Functional,Cell viability of phagocytes,1.754,1.819,-0.584
Functional,Growth of lymphoid organ,1.141,1.073,-0.582
Functional,Quantity of mononuclear leukocytes,1.147,-0.417,-0.566
Functional,Expansion of cells,1.398,0.702,-0.55
Functional,Development of hematopoietic cells,,1.558,-0.548
Functional,Expansion of lymphatic system cells,1.582,0.716,-0.538
Functional,Production of protein,1.048,-0.028,-0.528
Functional,Development of hematopoietic system,1.471,1.823,-0.526
Functional,Organismal death,-3.246,-1.62,-0.494
Functional,Expression of RNA,2.898,1.364,-0.439
Functional,Quantity of macrophages,1.244,-0.189,-0.404
Functional,Activation of endothelial cells,0.877,1.202,-0.391
Functional,Differentiation of bone marrow cells,,1.165,-0.388
Functional,Fatty acid metabolism,1.294,1.434,-0.377
Functional,Malignant genitourinary solid tumor,,-1.258,-0.371
Functional,Proliferation of lymphatic system cells,1.043,-0.156,-0.363
Functional,Non-malignant disorder,-1.134,0.718,-0.357
Functional,Development of phagocytes,,1.462,-0.352
Functional,Expansion of T lymphocytes,1.939,1.398,-0.349
Functional,Aggregation of cells,2.58,1.028,-0.345
Functional,Liver lesion,1.198,0.512,-0.333
Functional,Synthesis of nitric oxide,2.097,0.493,-0.328
Functional,Quantity of lymphocytes,1.137,-0.793,-0.302
Functional,Proliferation of lymphocytes,1.062,-0.321,-0.287
Functional,Hemolysis,,1.539,-0.282
Functional,Phosphorylation of protein,1.899,-0.084,-0.277
Functional,Proliferation of immune cells,1.395,-0.221,-0.265
Functional,Quantity of lymphatic system cells,1.092,-0.415,-0.26
Functional,Dermatitis,0.358,1.005,-0.254
Functional,Collagen-induced arthritis,1.109,-0.249,-0.239
Functional,Polyarthritis,1.135,-0.54,-0.201
Functional,Quantity of cytokine,1.467,0.804,-0.191
Functional,Cell proliferation of tumor cell lines,1.79,0.255,-0.171
Functional,Activation of connective tissue cells,1.898,0.087,-0.147
Functional,Hematologic cancer of cells,-1.056,0.008,-0.138
Functional,Function of phagocytes,1.387,1.539,-0.128
Functional,Aggregation of blood cells,2.58,1.34,-0.104
Functional,Proliferation of muscle cells,1.142,0.933,-0.103
Functional,Quantity of hematopoietic progenitor cells,0.996,1.707,-0.101
Functional,Inflammatory response of cells,1.446,0.476,-0.085
Functional,Systemic autoimmune syndrome,0.53,1.068,-0.078
Functional,Growth of solid tumor,-0.305,1.821,-0.033
Functional,Maturation of cells,3.415,0.427,-0.017
Functional,Transcription,2.787,1.471,-0.003
Functional,Formation of solid tumor,-0.225,1.453,0.014
Functional,Immune response of lymphocytes,-0.547,-1.382,0.026
Functional,Transcription of RNA,3.189,1.422,0.054
Functional,Monocytopoiesis,1.758,1.813,0.073
Functional,Hypertension,0.283,-1.109,0.113
Functional,Accumulation of granulocytes,0.68,2.071,0.113
Functional,Respiratory burst of leukocytes,,-1.073,0.117
Functional,Maturation of dendritic cells,3.048,0.818,0.149
Functional,Disorder of pregnancy,1.067,0.896,0.152
Functional,Differentiation of mononuclear leukocytes,1.378,,0.167
Functional,Maturation of blood cells,3.408,0.471,0.178
Functional,Leukopoiesis,1.651,1.582,0.188
Functional,Myelopoiesis of leukocytes,1.758,1.281,0.191
Functional,Respiratory burst of myeloid cells,,-1.073,0.192
Functional,Accumulation of neutrophils,0.761,2.142,0.207
Functional,Cell proliferation of T lymphocytes,1.389,-0.209,0.211
Functional,Movement of CD4+ T-lymphocytes,1.808,0.927,0.211
Functional,Hematopoiesis of mononuclear leukocytes,1.554,1.397,0.246
Functional,Hematopoiesis of phagocytes,2.326,2.091,0.273
Functional,Mature lymphocytic neoplasm,,1.195,0.277
Functional,Quantity of protein in blood,1.738,0.914,0.288
Functional,Priming of leukocytes,1.578,0.684,0.296
Functional,Binding of tumor cell lines,1.24,0.413,0.309
Functional,Invasion of cells,1.725,,0.313
Functional,Differentiation of T lymphocytes,1.389,1.392,0.319
Functional,Allergy,0.8,1.059,0.335
Functional,T cell development,1.511,1.612,0.348
Functional,Binding of leukemia cell lines,1.287,-0.459,0.378
Functional,Cellular infiltration by inflammatory leukocytes,1.066,0.898,0.39
Functional,Development of bone marrow,1.405,1.455,0.394
Functional,Synthesis of fatty acid,1.491,1.77,0.401
Functional,Development of antigen presenting cells,,1.489,0.404
Functional,Development of bone marrow cells,1.185,1.165,0.412
Functional,Cell movement of monocytes,1.66,1.657,0.419
Functional,T-cell non-Hodgkin lymphoma,,1.758,0.439
Functional,Cancer of cells,-1.362,0.783,0.449
Functional,Migration of tumor cell lines,2.126,1.073,0.46
Functional,Synthesis of prostaglandin E2,1.736,1.628,0.48
Functional,Maturation of leukocytes,3.65,0.844,0.511
Functional,Cell movement of hematopoietic progenitor cells,,1.312,0.513
Functional,Adhesion of immune cells,0.988,1.381,0.517
Functional,Homing of leukocyte cell lines,,1.686,0.524
Functional,TH1 immune response,1.159,0.934,0.532
Functional,Immediate hypersensitivity,,1.797,0.537
Functional,Synthesis of eicosanoid,1.55,1.817,0.547
Functional,Cell movement of tumor cell lines,1.953,1.054,0.575
Functional,Deterioration of connective tissue,1.562,0.75,0.591
Functional,Experimentally-induced arthritis,1.133,0.25,0.604
Functional,Maturation of phagocytes,3.371,1.341,0.614
Functional,Infection by Bacilli,,-1.213,0.626
Functional,T cell homeostasis,1.734,1.768,0.627
Functional,Cellular infiltration by leukocytes,1.572,1.182,0.635
Functional,Signaling of cells,1.279,1.218,0.638
Functional,Cell cycle progression,2.44,1.268,0.638
Functional,Recruitment of neutrophils,1.036,1.699,0.639
Functional,Movement disorders,0.765,1.541,0.652
Functional,Non-Hodgkin lymphoma,,2.156,0.663
Functional,Binding of blood cells,,1.58,0.677
Functional,Recruitment of granulocytes,,1.968,0.687
Functional,Accumulation of myeloid cells,0.495,2.366,0.691
Functional,Generation of reactive oxygen species,1.287,0.712,0.695
Functional,Obesity,1.605,1.561,0.703
Functional,Damage of cartilage tissue,1.097,0.726,0.705
Functional,Cell movement of leukocyte cell lines,,1.621,0.71
Functional,Tyrosine phosphorylation of protein,2.39,0.569,0.742
Functional,Chemotaxis of macrophages,2.193,1.686,0.763
Functional,Binding of leukocytes,,1.462,0.767
Functional,Activation of B lymphocytes,1.98,-0.266,0.778
Functional,Transactivation of RNA,2.195,1.022,0.782
Functional,Attraction of cells,1.599,1.928,0.787
Functional,Progressive motor neuropathy,2.121,1.236,0.794
Functional,NK cell migration,1.409,,0.796
Functional,Recruitment of monocytes,1.671,,0.801
Functional,Migration of granulocytes,0.735,1.045,0.805
Functional,Response of macrophages,1.299,1.446,0.806
Functional,Lymphocyte homeostasis,1.547,1.732,0.806
Functional,Homeostasis of leukocytes,,1.923,0.806
Functional,Lymphocyte migration,2.477,0.824,0.807
Functional,Chemotaxis of leukocyte cell lines,1.305,,0.812
Functional,Migration of myeloid cells,1.123,1.164,0.813
Functional,Response of lymphatic system cells,0.264,1.294,0.823
Functional,Differentiation of Th1 cells,1.673,1.79,0.824
Functional,Necrosis of tumor,,1.69,0.825
Functional,Cell death of tumor cells,1.904,1.823,0.825
Functional,Synthesis of lipid,1.515,1.815,0.83
Functional,Chemoattraction of phagocytes,0.933,1.639,0.836
Functional,Adhesion of blood cells,,1.747,0.845
Functional,Progressive neurological disorder,2.121,1.236,0.85
Functional,Cell death of cancer cells,2.391,1.917,0.852
Functional,Antigen presentation,1.982,0.395,0.894
Functional,Cellular infiltration by macrophages,1.636,0.966,0.904
Functional,Cell movement of eosinophils,1.574,0.849,0.917
Functional,Quantity of Ca2+,1.229,0.328,0.929
Functional,Binding of professional phagocytic cells,0.394,1.272,0.943
Functional,Quantity of CD8+ T lymphocyte,1.313,1.336,0.956
Functional,Chemotaxis of neutrophils,1.867,2.241,0.964
Functional,Clearance of virus,1.156,0.779,0.97
Functional,Adhesion of neutrophils,0.878,1.852,0.984
Functional,Migration of phagocytes,1.994,1.643,0.985
Functional,Attraction of leukocytes,1.357,2.168,0.994
Functional,Stimulation of leukocytes,1.796,0.069,0.997
Functional,Infarction of heart,0.218,1.213,1
Functional,Adhesion of phagocytes,0.794,0.9,1.001
Functional,Occlusion of artery,0.625,-0.583,1.007
Functional,Vaso-occlusion,,,1.007
Functional,Accumulation of cells,0.637,2.374,1.01
Functional,Accumulation of leukocytes,0.455,2.388,1.01
Functional,Non-traumatic arthropathy,0.605,-0.551,1.015
Functional,Organ Degeneration,,,1.017
Functional,Migration of mononuclear leukocytes,2.617,0.995,1.018
Functional,Attraction of phagocytes,1.47,1.931,1.018
Functional,Mobilization of Ca2+,1.771,2.335,1.018
Functional,Differentiation of CD4+ T-lymphocytes,1.527,2.564,1.021
Functional,Cellular infiltration by mononuclear leukocytes,1.176,0.685,1.034
Functional,Cellular homeostasis,2.105,2.641,1.038
Functional,Adhesion of T lymphocytes,2.541,0.914,1.039
Functional,Stimulation of T lymphocytes,1.505,-0.346,1.044
Functional,Cell movement of leukocytes,2.66,1.771,1.044
Functional,Synthesis of prostaglandin,2.175,2.606,1.053
Functional,Killing of lymphatic system cells,,,1.06
Functional,Accumulation of T lymphocytes,0.25,1.2,1.067
Functional,Binding of myeloid cells,0.711,1.665,1.076
Functional,Interaction of phagocytes,0.569,,1.076
Functional,Differentiation of helper T lymphocytes,1.179,2.196,1.082
Functional,Accumulation of mononuclear leukocytes,-0.329,1.277,1.09
Functional,Chemoattraction,1.641,1.821,1.093
Functional,Diabetes mellitus,-1.107,0.74,1.094
Functional,Endocrine pancreatic dysfunction,,0.74,1.094
Functional,Binding of granulocytes,0.393,2.296,1.094
Functional,Binding of neutrophils,0.598,2.582,1.099
Functional,Differentiation of Th2 cells,,,1.102
Functional,Cytotoxicity of T lymphocytes,0.753,,1.105
Functional,Accumulation of lymphocytes,,1.459,1.112
Functional,Flux of Ca2+,1.406,1.463,1.113
Functional,Stimulation of lymphocytes,1.767,-0.322,1.116
Functional,Chemotaxis of antigen presenting cells,1.862,1.302,1.118
Functional,Neovascularization,,1.096,1.119
Functional,Inhibition of mononuclear leukocytes,,,1.12
Functional,Necrosis of liver,2.288,2.003,1.129
Functional,Transmigration of leukocytes,1.071,0.808,1.132
Functional,Formation of vascular lesion,,,1.134
Functional,Apoptosis of muscle cells,2.147,0.622,1.136
Functional,Asthma,,1.348,1.136
Functional,Quantity of helper T lymphocytes,0.785,-0.3,1.138
Functional,Activation of natural killer cells,1.539,0.55,1.141
Functional,Recruitment of phagocytes,1.258,2.049,1.148
Functional,Dendropoiesis,1.842,2,1.154
Functional,Chemotaxis of lymphatic system cells,,1.658,1.155
Functional,Adhesion of granulocytes,0.627,1.62,1.162
Functional,Apoptosis of mononuclear leukocytes,,0.881,1.164
Functional,Adhesion of lymphocytes,,,1.168
Functional,Transmigration of myeloid cells,-0.436,0.384,1.171
Functional,Stimulation of mononuclear leukocytes,2.049,-0.009,1.173
Functional,Chemoattraction of leukocytes,1.268,1.853,1.176
Functional,Inhibition of blood cells,,1.763,1.178
Functional,Homing of lymphatic system cells,,1.463,1.179
Functional,Cell movement of mononuclear leukocytes,2.675,1.39,1.183
Functional,Ion homeostasis of cells,1.5,1.542,1.185
Functional,Accumulation of phagocytes,0.906,2.866,1.192
Functional,Weakness,,,1.195
Functional,Muscle weakness,,,1.195
Functional,Cytolysis,1.123,0.997,1.197
Functional,Recruitment of cells,,2.27,1.197
Functional,Chemotaxis of myeloid cells,2.376,2.772,1.199
Functional,Adhesion of myeloid cells,1.028,1.337,1.206
Functional,Migration of neutrophils,1.254,1.556,1.206
Functional,Apoptosis of myeloid cells,1.963,0.958,1.207
Functional,Activation of T lymphocytes,2.541,0.774,1.214
Functional,Homing of leukocytes,2.024,2.091,1.219
Functional,Lower respiratory tract disorder,-0.761,-0.298,1.226
Functional,Infiltration by T lymphocytes,1.031,0.278,1.227
Functional,Insulin-dependent diabetes mellitus,-0.487,1.348,1.229
Functional,Wound,,,1.229
Functional,Flux of ion,1.58,1.596,1.23
Functional,Demyelination,1.311,0.639,1.231
Functional,Recruitment of myeloid cells,1.224,2.147,1.235
Functional,Cytolysis of tumor cell lines,,,1.236
Functional,Cytotoxic reaction of cells,,,1.237
Functional,Inhibition of T lymphocytes,,,1.238
Functional,Necrosis of muscle,2.159,1.037,1.242
Functional,Neuronal cell death,2.806,1.661,1.242
Functional,Atherosclerosis,1.103,-0.583,1.258
Functional,Homing of mononuclear leukocytes,1.225,1.547,1.258
Functional,Cell death of hepatocytes,2.712,1.734,1.258
Functional,Leukocyte migration,2.834,1.906,1.262
Functional,Mobilization of cells,1.387,,1.265
Functional,Cell movement of T lymphocytes,2.033,1.125,1.266
Functional,Transmigration of mononuclear leukocytes,,0.425,1.268
Functional,Cellular infiltration,1.671,1.355,1.27
Functional,Immune response of leukocytes,1.26,1.533,1.277
Functional,Autoimmune neurological disorder,1.221,0.644,1.278
Functional,Proinflammatory response,1.418,0.914,1.28
Functional,Inflammatory demyelinating disease,1.89,0.978,1.285
Functional,Stimulation of cells,1.6,-0.149,1.29
Functional,Cytotoxic reaction,,,1.291
Functional,Multiple sclerosis,1.89,0.984,1.292
Functional,Neuromuscular disease with neuropathy,1.89,0.984,1.292
Functional,Progressive neuromuscular disease,1.89,0.984,1.292
Functional,Chemoattraction of myeloid cells,,,1.292
Functional,Recruitment of mononuclear leukocytes,2.524,1.227,1.293
Functional,Lung injury,1.872,1.691,1.296
Functional,Delayed hypersensitive reaction,0.239,0,1.298
Functional,Chemotaxis of mononuclear leukocytes,0.97,1.774,1.298
Functional,Response of antigen presenting cells,1.836,1.531,1.3
Functional,Migration of macrophages,1.533,1.303,1.302
Functional,Homing of T lymphocytes,1.191,1.502,1.306
Functional,Transmigration of granulocytes,-0.414,0.459,1.309
Functional,Chemotaxis of granulocytes,,,1.309
Functional,Flux of inorganic cation,,,1.314
Functional,Activation of neutrophils,0.167,0.829,1.315
Functional,Adhesion of monocytes,,,1.325
Functional,Immune response of macrophages,1.612,2.054,1.33
Functional,Hypersensitive reaction,1.07,1.416,1.345
Functional,Binding of eosinophils,,,1.354
Functional,Cellular infiltration by myeloid cells,1.806,1.555,1.36
Functional,Homing of lymphocytes,,1.675,1.36
Functional,Cell movement of peripheral blood leukocytes,0.972,,1.361
Functional,Migration of dendritic cells,1.59,0.819,1.362
Functional,Recruitment of blood cells,,,1.363
Functional,Polarization of leukocytes,3.095,2.459,1.37
Functional,Adhesion of eosinophils,,,1.371
Functional,Homing of cells,2.79,2.103,1.377
Functional,Immune response of myeloid cells,1.63,1.718,1.378
Functional,Infiltration by neutrophils,0.886,1.101,1.382
Functional,Apoptosis of epidermal cells,,,1.382
Functional,Pulmonary hypertension,,-0.762,1.387
Functional,Hypertension of blood vessel,,,1.387
Functional,Chemotaxis of T lymphocytes,0.885,,1.39
Functional,Cell death of epidermal cells,,,1.393
Functional,Cell movement of natural killer cells,1.518,2.061,1.394
Functional,Adhesion of mononuclear leukocytes,2.194,1.394,1.399
Functional,Differentiation of phagocytes,2.345,2.6,1.411
Functional,Trafficking of lymphocytes,,,1.413
Functional,Cell death of muscle cells,2.376,1.191,1.414
Functional,Migration of antigen presenting cells,1.697,1.365,1.418
Functional,Dysmyelination,,0.639,1.421
Functional,Cell death of parenchymal cells,,1.888,1.421
Functional,Chemotaxis of leukocytes,1.82,2.337,1.428
Functional,Migration of cells,2.956,1.831,1.433
Functional,Chemotaxis of lymphocytes,,2.057,1.433
Functional,Apoptosis of lymphocytes,0.788,1.148,1.447
Functional,Cellular infiltration by phagocytes,1.889,1.797,1.447
Functional,Cutaneous melanoma,,,1.455
Functional,Apoptosis of phagocytes,2.102,1.159,1.456
Functional,Differentiation of myeloid leukocytes,1.569,1.735,1.458
Functional,Pulmonary vascular disease,,-0.518,1.463
Functional,Development of regulatory T lymphocytes,,,1.472
Functional,Damage of lung,1.279,1.477,1.474
Functional,Binding of lymphocytes,,1.024,1.477
Functional,Recruitment of macrophages,0.817,1.284,1.496
Functional,Recruitment of leukocytes,2.305,2.475,1.504
Functional,Apoptosis of leukocyte cell lines,1.499,0.929,1.508
Functional,Polarization of blood cells,3.235,2.601,1.52
Functional,Killing of leukocytes,-0.393,,1.521
Functional,Apoptosis of islet cells,0.967,1.129,1.524
Functional,Chemotaxis of phagocytes,2.147,2.541,1.537
Functional,Cell movement,2.9,1.872,1.538
Functional,Cell death of T lymphocytes,2.102,1.114,1.539
Functional,Induction of T lymphocytes,,-0.816,1.543
Functional,Immune response of antigen presenting cells,1.892,1.653,1.544
Functional,Loss of lymphatic system cells,,,1.559
Functional,Necrosis of pancreas,,,1.561
Functional,Relapsed multiple sclerosis,2.449,1.567,1.567
Functional,Activation of neuroglia,2.044,1.628,1.57
Functional,Cell movement of myeloid cells,2.558,2.137,1.576
Functional,Activation of lymphocytes,3.418,1.149,1.584
Functional,Binding of monocytes,0.896,,1.585
Functional,Apoptosis of T lymphocytes,1.946,1.504,1.589
Functional,Polarization of cells,,2.277,1.593
Functional,Response of myeloid cells,1.381,2.014,1.595
Functional,Apoptosis of lymphatic system cells,0.855,1.287,1.605
Functional,Apoptosis of leukocytes,1.829,1.533,1.611
Functional,Cell death of keratinocytes,,,1.622
Functional,Apoptosis of keratinocytes,,,1.624
Functional,Binding of T lymphocytes,2.919,1.296,1.635
Functional,Cell death of dermal cells,,,1.637
Functional,Suppression of leukocytes,,,1.638
Functional,Binding of mononuclear leukocytes,2.59,1.583,1.64
Functional,Chemotaxis,2.624,2.223,1.642
Functional,Cell movement of tumor cells,,,1.653
Functional,Interaction of lymphocytes,,1.35,1.658
Functional,Differentiation of macrophages,1.634,1.422,1.663
Functional,Apoptosis of connective tissue cells,1.162,1.522,1.68
Functional,Activation of mononuclear leukocytes,3.1,1.241,1.683
Functional,Cell death of mononuclear leukocytes,,1.076,1.704
Functional,Cellular infiltration by granulocytes,1.202,1.416,1.705
Functional,Response of dendritic cells,1.633,0.453,1.706
Functional,Apoptosis of islets of Langerhans,,,1.707
Functional,Abnormal morphology of T lymphocytes,,0.416,1.71
Functional,Apoptosis of hematopoietic cell lines,,,1.719
Functional,Activation of dendritic cells,2.774,1.983,1.727
Functional,Recruitment of lymphocytes,2.219,0.931,1.729
Functional,Cell death of pancreas,,,1.73
Functional,Recruitment of T lymphocytes,2.145,1.098,1.734
Functional,Recruitment of antigen presenting cells,1.444,2.015,1.734
Functional,Inflammation of airway,0.351,1.188,1.742
Functional,Induction of cells,,,1.753
Functional,Activation of microglia,2.399,1.486,1.758
Functional,Cytotoxicity of lymphocytes,1.566,1.424,1.759
Functional,Interaction of T lymphocytes,3.243,1.574,1.767
Functional,Cell death of myeloid cells,2.073,1.919,1.781
Functional,Induction of lymphocytes,,-0.599,1.784
Functional,Cell death of phagocytes,2.264,1.834,1.788
Functional,Function of T lymphocytes,-0.092,-0.436,1.79
Functional,Interaction of mononuclear leukocytes,2.689,1.869,1.797
Functional,Activation of cytotoxic T cells,,,1.807
Functional,Apoptosis of cancer cells,1.582,1.73,1.808
Functional,Response of granulocytes,,1.63,1.812
Functional,Differentiation of antigen presenting cells,2.385,2.273,1.814
Functional,Neuromuscular disease,2.025,1.337,1.821
Functional,Activation of innate lymphoid cells,,0.869,1.832
Functional,Suppression of blood cells,,,1.841
Functional,Migration of cancer cells,,,1.848
Functional,Eosinophilic inflammation,,,1.865
Functional,Migration of tumor cells,,,1.874
Functional,Elimination of cells,,,1.891
Functional,Cell death of leukocyte cell lines,1.707,,1.895
Functional,Transmigration of neutrophils,-0.088,0.943,1.907
Functional,Apoptosis of lymphoma cell lines,1.517,1.177,1.913
Functional,Response of myeloid leukocytes,-0.618,1.375,1.913
Functional,Metabolism of macromolecule,0.638,0.695,1.92
Functional,Cell movement of phagocytes,2.627,2.26,1.938
Functional,Induction of leukocytes,0.941,0.641,1.952
Functional,Activation of granulocytes,,1.06,1.954
Functional,Cell-mediated response,1.793,1.117,1.959
Functional,Bleeding,,,1.961
Functional,Cell death of lymphocytes,1.169,1.299,1.965
Functional,Cell death of liver cells,3.325,2.475,1.966
Functional,Cell movement of macrophages,2.37,2.074,1.969
Functional,Immune response of cells,2.611,2.745,1.98
Functional,Degranulation of myeloid cells,,,1.981
Functional,Abnormal morphology of mononuclear leukocytes,,0.792,1.985
Functional,Abnormal morphology of lymphocytes,,0.792,1.985
Functional,Cell movement of neutrophils,2.263,2.098,1.985
Functional,Degranulation of leukocytes,,1.143,2.013
Functional,Apoptosis of tumor cells,1.391,1.83,2.013
Functional,Apoptosis,1.803,1.782,2.019
Functional,Apoptosis of skin,,,2.068
Functional,Cell movement of dendritic cells,1.453,1.255,2.076
Functional,Cell death of hematopoietic cell lines,,,2.082
Functional,Degranulation of phagocytes,,,2.087
Functional,Cell death of lymphatic system cells,1.259,1.533,2.101
Functional,Cell death of lymphoma cell lines,,1.307,2.103
Functional,Function of leukocytes,0.917,0.297,2.109
Functional,Accumulation of antigen presenting cells,1.548,2.274,2.109
Functional,Cell movement of granulocytes,2.309,2.115,2.121
Functional,Degranulation of cells,,1.543,2.124
Functional,Cell death of airway epithelial cells,,,2.131
Functional,Endocytosis,1.72,2.055,2.158
Functional,Skin cancer,,1.912,2.178
Functional,Internalization of cells,1.838,2.842,2.188
Functional,Synthesis of reactive oxygen species,1.792,1.488,2.189
Functional,Immune response of neutrophils,,1.812,2.193
Functional,Abnormal morphology of leukocytes,0.436,1.34,2.194
Functional,Abnormal morphology of immune system,0.436,1.34,2.194
Functional,Apoptosis of beta islet cells,1.462,1.746,2.208
Functional,Immune response of phagocytes,1.958,2.189,2.21
Functional,Degranulation,,1.665,2.225
Functional,Cell death of immune cells,3.429,3.003,2.232
Functional,Killing of cells,0.95,0.922,2.234
Functional,Cytotoxicity of leukocytes,1.795,1.978,2.237
Functional,Cytotoxicity of natural killer cells,1.976,,2.239
Functional,Function of lymphocytes,0.029,-0.571,2.241
Functional,Function of lymphatic system cells,0.029,-0.571,2.241
Functional,Glucose metabolism disorder,0.632,2.03,2.25
Functional,Function of blood cells,,0.504,2.259
Functional,Response of phagocytes,1.817,2.379,2.264
Functional,Cell death of B lymphocytes,0,1.198,2.275
Functional,Cell movement of antigen presenting cells,2.287,2.103,2.288
Functional,Apoptosis of epithelial cells,3.223,2.654,2.291
Functional,Inflammatory response,2.601,2.996,2.306
Functional,Phagocytosis by macrophages,0.857,2.116,2.313
Functional,Inhibition of cells,2.184,2.49,2.318
Functional,Apoptosis of thymocytes,,1.191,2.323
Functional,Activation of macrophages,1.487,1.763,2.353
Functional,Innate immune response,1.78,1.388,2.357
Functional,Apoptosis of tumor cell lines,1.866,2.308,2.36
Functional,Cell death of fibroblasts,,2.613,2.36
Functional,Engulfment of myeloid cells,,,2.362
Functional,Metabolism of DNA,1.296,,2.37
Functional,Cell death of tumor cell lines,2.318,1.703,2.38
Functional,Skin tumor,0,0.726,2.393
Functional,Cell death of skin,,2.093,2.4
Functional,Cell death of neuroglia,2.75,2.933,2.404
Functional,Regulation of leukocytes,,,2.425
Functional,Cell death of thymocytes,,0.791,2.431
Functional,Toxicity of cells,1.739,1.663,2.432
Functional,Endocytosis by eukaryotic cells,1.436,1.996,2.432
Functional,Apoptosis of macrophages,2.399,2.371,2.437
Functional,Eosinophilia,,2.025,2.441
Functional,Adaptive immune response,,,2.442
Functional,Phagocytosis of myeloid cells,1.194,2.29,2.45
Functional,Engulfment of antigen presenting cells,,2.097,2.468
Functional,Apoptosis of lymphoid organ,,1.065,2.474
Functional,Engulfment of blood cells,,,2.502
Functional,Apoptosis of hematopoietic progenitor cells,,,2.52
Functional,Influx of neutrophils,,2.383,2.54
Functional,Engulfment by macrophages,,,2.541
Functional,Necrosis of kidney,2.622,2.542,2.556
Functional,Cell death of endothelial cells,,0.897,2.566
Functional,Cytotoxicity of cells,1.978,1.822,2.569
Functional,Activation of antigen presenting cells,2.582,2.591,2.594
Functional,Airway hyperresponsiveness,1.584,2.22,2.601
Functional,Activation of cells,3.26,2.785,2.607
Functional,Cytotoxicity,,1.865,2.613
Functional,Cell death of macrophages,2.812,2.54,2.615
Functional,Cell death of hematopoietic progenitor cells,,,2.63
Functional,Cell death of connective tissue cells,2.291,1.624,2.633
Functional,Phagocytosis of antigen presenting cells,,,2.639
Functional,Influx of myeloid cells,,,2.654
Functional,Phagocytosis of cells,1.602,2.681,2.659
Functional,Cell death of kidney cells,2.966,2.808,2.671
Functional,Fragmentation of DNA,1.891,2.067,2.68
Functional,Engulfment of cells,1.837,2.466,2.69
Functional,Apoptosis of endothelial cells,0.988,0.952,2.701
Functional,Cell death of lymphoid organ,2.19,1.047,2.712
Functional,Phagocytosis of blood cells,,2.302,2.739
Functional,Engulfment of phagocytes,,,2.749
Functional,Antiviral response,2.719,2.745,2.75
Functional,Cell death of epithelial cell lines,2.433,2.457,2.765
Functional,Activation of phagocytes,2.37,2.848,2.782
Functional,Influx of phagocytes,,,2.798
Functional,Apoptosis of leukemia cell lines,1.098,1.346,2.832
Functional,Degradation of DNA,2.082,2.24,2.843
Functional,Cell death of antigen presenting cells,3.003,2.341,2.847
Functional,Activation of myeloid cells,1.514,2.488,2.873
Functional,Production of reactive oxygen species,2.336,2.275,2.874
Functional,Apoptosis of antigen presenting cells,2.588,2.417,2.915
Functional,Phagocytosis,1.937,2.839,2.937
Functional,Activation of leukocytes,3.181,2.878,2.955
Functional,Antimicrobial response,3.052,3.529,2.965
Functional,Phagocytosis of phagocytes,1.162,2.633,3.001
Functional,Activation of blood cells,,2.999,3.028
Functional,Necrosis,3.644,2.992,3.06
Functional,Cell death of leukemia cell lines,1.645,1.102,3.108
Functional,Cell death of epithelial cells,3.67,3.631,3.269
Functional,Influx of leukocytes,,2.32,3.321
Functional,Influx of cells,1.741,2.359,3.321
Functional,Necrosis of epithelial tissue,3.041,3,3.423
Functional,Skin lesion,0.974,2.22,3.47
Functional,Leukopenia,-0.625,-1.755,
Functional,Replication of Influenza A virus,-2.098,-1.435,
Functional,Replication of coronavirus,-1.601,-1.391,
Functional,Development of helper T lymphocytes,0.015,-1.301,
Functional,Upper abdominal cancer,,-1.28,
Functional,Replication of Herpesviridae,-1.947,-1.215,
Functional,Replication of Influenza virus,-1.763,-1.214,
Functional,Infection of antigen presenting cells,-1.067,-1.205,
Functional,Male genital neoplasm,,-1.154,
Functional,Generation of helper T lymphocytes,,-1.134,
Functional,Growth of bacteria,-1.126,-1.112,
Functional,Replication of Murine herpesvirus 4,-1.89,-1.066,
Functional,Abdominal neoplasm,-0.495,-1.02,
Functional,Renal cancer,,-1,
Functional,Urinary tract cancer,,-1,
Functional,Papillary neoplasm,,-1,
Functional,Liver cancer,-1.949,-0.99,
Functional,Hepato-pancreato-biliary cancer,-1.988,-0.817,
Functional,Malignant hepatobiliary neoplasm,-1.988,-0.817,
Functional,Hepatobiliary system cancer,-1.988,-0.817,
Functional,Liver carcinoma,-1.478,-0.772,
Functional,Liver tumor,-1.422,-0.644,
Functional,Hepatobiliary carcinoma,-1.539,-0.606,
Functional,Hepatic injury,-1.329,-0.428,
Functional,Proliferation of mononuclear leukocytes,1.199,-0.261,
Functional,Disorder of blood pressure,1.039,-0.114,
Functional,Stimulation of lymphatic system cells,1.98,-0.101,
Functional,Immune response of dendritic cells,2,0.137,
Functional,HIV infection,1.932,0.147,
Functional,Protein kinase cascade,1.257,0.154,
Functional,Infection by Retroviridae,2.009,0.291,
Functional,Activation of monocytes,1.239,0.867,
Functional,Maturation of myeloid cells,1.446,0.917,
Functional,Antiviral response of cells,1.268,0.959,
Functional,Function of macrophages,,1,
Functional,Abnormality of cartilage tissue,,1.019,
Functional,Systemic lupus erythematosus,1.067,1.026,
Functional,Function of myeloid cells,1.067,1.026,
Functional,Lupus erythematosus,1.067,1.026,
Functional,B-cell lymphoma,,1.04,
Functional,Sexually transmitted disease,,1.067,
Functional,Binding of phagocytes,,1.125,
Functional,Activation of liver cells,2.155,1.175,
Functional,Apoptosis of fibroblast cell lines,,1.235,
Functional,Maturation of antigen presenting cells,3.345,1.259,
Functional,Cell death of granulocytes,,1.273,
Functional,Vascularization,,1.275,
Functional,Transendothelial migration of neutrophils,0.223,1.289,
Functional,Intrathoracic organ tumor,,1.311,
Functional,Growth of hematological system tumor,1.248,1.363,
Functional,Development of mononuclear leukocytes,,1.38,
Functional,Response of tumor cell lines,,1.381,
Functional,Cell death of oligodendrocytes,,1.398,
Functional,Cell death of pancreatic cancer cell lines,1.14,1.418,
Functional,Accumulation of macrophages,1.036,1.471,
Functional,Cell death of tumor,,1.489,
Functional,Cell viability of antigen presenting cells,,1.545,
Functional,Colony formation of cells,0.984,1.548,
Functional,Quantity of progenitor cells,0.79,1.558,
Functional,Apoptosis of B-lymphocyte derived cell lines,,1.595,
Functional,Cell death of fibroblast cell lines,,1.599,
Functional,Phagocytosis by bone marrow-derived macrophages,,1.601,
Functional,Immune response of tumor cell lines,,1.606,
Functional,Cell death of malignant tumor,,1.682,
Functional,Aggregation of neutrophils,,1.706,
Functional,Response of neutrophils,,1.734,
Functional,Release of Ca2+,1.904,1.764,
Functional,Emigration of cells,,1.767,
Functional,Synthesis of prostaglandin E,1.938,1.806,
Functional,Cell death of dendritic cells,2.69,1.835,
Functional,Function of antigen presenting cells,,1.89,
Functional,Attraction of myeloid cells,0.977,1.938,
Functional,Cell movement of blood cells,,1.994,
Functional,Influx of granulocytes,1.664,2.059,
Functional,Aggregation of leukocytes,1.953,2.155,
Functional,Autophagy of cells,2.284,2.165,
Functional,Apoptosis of cervical cancer cell lines,2.04,2.184,
Functional,Apoptosis of liver cells,3.063,2.232,
Functional,Cell death of sarcoma cell lines,,2.254,
Functional,Apoptosis of dendritic cells,2.406,2.3,
Functional,Cytostasis,2.85,2.707,
Functional,Extravasation of cells,1.565,2.778,
Functional,Apoptosis of sarcoma cell lines,2.91,2.779,
Functional,Cell death of embryonic cell lines,2.398,2.887,
Functional,Extravasation,,2.951,
Functional,Replication of Flaviviridae,-2.587,,
Functional,Replication of Hepatitis C virus,-2.4,,
Functional,Infection by Orthomyxoviridae,-2.4,,
Functional,Infection by Picornaviridae,-2.209,,
Functional,Replication of Paramyxoviridae,-2.2,,
Functional,Hepatocellular carcinoma,-1.478,,
Functional,Production of virus,-1.435,,
Functional,Number of activated T lymphocyte,-1.4,,
Functional,Neoplasia of melanoma cell lines,-1.387,,
Functional,Replication of poxviridae,-1.225,,
Functional,Depletion of B lymphocytes,-1.188,,
Functional,Synthesis of protein,-1.153,,
Functional,Infection by Rhabdoviridae,-1.129,,
Functional,Depletion of cells,-1.103,,
Functional,Concentration of fatty acid,-1.018,,
Functional,Release of L-cysteine,-1,,
Functional,Infection of fibroblasts,-1,,
Functional,Binding of macrophage cancer cell lines,1,,
Functional,Cell death of skin cancer cell lines,1,,
Functional,Recognition of lipid,1.046,,
Functional,Attraction of monocytes,1.067,,
Functional,Recruitment of inflammatory leukocytes,1.067,,
Functional,Chemoattraction of mononuclear leukocytes,1.086,,
Functional,Apoptosis of monocyte-derived macrophages,1.091,,
Functional,Extravasation of myeloid cells,1.103,,
Functional,Chemotaxis of peripheral blood monocytes,1.103,,
Functional,Extravasation of phagocytes,1.131,,
Functional,Attraction of mononuclear leukocytes,1.136,,
Functional,Apoptosis of pancreatic cancer cell lines,1.167,,
Functional,Cell death of cerebral cortex cells,1.174,,
Functional,Chemotaxis of kidney cell lines,1.186,,
Functional,Cell death of bone marrow cells,1.195,,
Functional,Quantity of TNF in blood,1.195,,
Functional,Inflammatory response of phagocytes,1.195,,
Functional,Release of lipid,1.224,,
Functional,Cell movement of peripheral blood monocytes,1.226,,
Functional,Apoptosis of colorectal cancer cell lines,1.268,,
Functional,Production of superoxide,1.273,,
Functional,Colony formation of myeloid cells,1.286,,
Functional,M2 polarization,1.298,,
Functional,Activation of vascular endothelial cells,1.31,,
Functional,Mobilization of myeloid cells,1.329,,
Functional,Mobilization of leukocytes,1.329,,
Functional,Cell death of brain,1.345,,
Functional,Cell death of bone marrow-derived macrophages,1.368,,
Functional,Survival of chronic lymphocytic leukemia cells,1.381,,
Functional,Inflammatory response of macrophages,1.387,,
Functional,Mobilization of blood cells,1.412,,
Functional,Central nervous system solid tumor,1.447,,
Functional,Response of embryonic cell lines,1.452,,
Functional,Quantity of TNF,1.463,,
Functional,Response of fibroblasts,1.476,,
Functional,Production of cytokine,1.478,,
Functional,Chemotaxis of monocytes,1.485,,
Functional,Transendothelial migration of mononuclear leukocytes,1.487,,
Functional,Synthesis of nitrite,1.487,,
Functional,Apoptosis of carcinoma cells,1.503,,
Functional,Cell movement of kidney cell lines,1.508,,
Functional,Glioma,1.619,,
Functional,Cell death of brain cells,1.627,,
Functional,Damage of gastrointestinal tract,1.632,,
Functional,Phagocytosis of bacteria,1.664,,
Functional,Nervous system neoplasm,1.671,,
Functional,Secretion of molecule,1.676,,
Functional,Transport of molecule,1.692,,
Functional,Apoptosis of vascular cells,1.696,,
Functional,Interaction of protein,1.704,,
Functional,Killing of bacteria,1.732,,
Functional,Activation of astrocytes,1.747,,
Functional,Response of connective tissue cells,1.758,,
Functional,Apoptosis of vascular endothelial cells,1.816,,
Functional,Apoptosis of fibrosarcoma cell lines,1.934,,
Functional,Cell death of astrocytes,1.949,,
Functional,Apoptosis of breast cancer cell lines,1.949,,
Functional,Recruitment of CD8+ T lymphocyte,1.964,,
Functional,Type I interferon response,1.969,,
Functional,Interferon response,1.969,,
Functional,Internalization of bacteria,1.97,,
Functional,I-kappaB kinase/NF-kappaB cascade,1.98,,
Functional,Apoptosis of colorectal cancer cells,1.981,,
Functional,Activation of bone marrow-derived dendritic cells,1.982,,
Functional,Contact growth inhibition of tumor cell lines,1.997,,
Functional,Cell death of breast cancer cell lines,2.103,,
Functional,Apoptosis of microglia,2.159,,
Functional,Polarization of mononuclear leukocytes,2.174,,
Functional,Cell death of stem cells,2.178,,
Functional,Recruitment of CD4+ T-lymphocytes,2.183,,
Functional,Priming of mononuclear leukocytes,2.183,,
Functional,Activation of hepatic stellate cells,2.183,,
Functional,Cytostasis of tumor cell lines,2.211,,
Functional,Binding of endothelial cell lines,2.213,,
Functional,Proliferation of mesangial cells,2.236,,
Functional,Autophagy,2.244,,
Functional,Apoptosis of smooth muscle cells,2.38,,
Functional,Dysfunction of mitochondria,2.401,,
Functional,Bone mineral density,2.401,,
Functional,Relapsing-remitting multiple sclerosis,2.449,,
Functional,Proliferation of kidney cells,2.449,,
Functional,Apoptosis of kidney cells,2.515,,
Functional,Apoptosis of embryonic cell lines,2.603,,
Functional,Cell death of breast cell lines,2.687,,
Functional,Polarization of macrophages,2.73,,
Functional,Apoptosis of hepatocytes,2.746,,
Canonical,Chronic Myeloid Leukemia Signaling,,-0.277,-2.714
Canonical,LXR/RXR Activation,-1.633,-3,-2.53
Canonical,Opioid Signaling Pathway,,-2,-2.449
Canonical,ILK Signaling,,-2,-2.449
Canonical,IL-7 Signaling Pathway,,0,-2.449
Canonical,Protein Kinase A Signaling,,,-2.449
Canonical,Erythropoietin Signaling Pathway,-0.447,-1.633,-2.309
Canonical,Role of Tissue Factor in Cancer,1,0.302,-2.309
Canonical,IGF-1 Signaling,,-1,-2.236
Canonical,Role of JAK2 in Hormone-like Cytokine Signaling,0,-0.447,-2.236
Canonical,Role of JAK family kinases in IL-6-type Cytokine Signaling,0.447,0.333,-2.236
Canonical,Role of NFAT in Cardiac Hypertrophy,,,-2.236
Canonical,Small Cell Lung Cancer Signaling,,,-2.236
Canonical,BEX2 Signaling Pathway,,,-2.236
Canonical,GNRH Signaling,,,-2.236
Canonical,Thyroid Cancer Signaling,,,-2.236
Canonical,G-Protein Coupled Receptor Signaling,,0,-2.065
Canonical,Factors Promoting Cardiogenesis in Vertebrates,,-2,-2
Canonical,CXCR4 Signaling,,-1,-2
Canonical,Ephrin Receptor Signaling,,-0.447,-2
Canonical,Prolactin Signaling,0.447,0,-2
Canonical,HGF Signaling,,,-2
Canonical,VEGF Signaling,,,-2
Canonical,GŒ±q Signaling,,,-2
Canonical,Huntington's Disease Signaling,,,-2
Canonical,Coronavirus Pathogenesis Pathway,-1.897,-1.387,-1.941
Canonical,Adrenergic Receptor Signaling Pathway (Enhanced),-1,-2.236,-1.897
Canonical,Chaperone Mediated Autophagy Signaling Pathway,,-1,-1.89
Canonical,Estrogen Receptor Signaling,,-0.707,-1.89
Canonical,T Cell Receptor Signaling,,-1,-1.732
Canonical,Pulmonary Fibrosis Idiopathic Signaling Pathway,,0,-1.667
Canonical,Sleep REM Signaling Pathway,-1,,-1.667
Canonical,Cardiac Hypertrophy Signaling,,-1,-1.633
Canonical,PI3K/AKT Signaling,,-0.816,-1.633
Canonical,Myelination Signaling Pathway,,-0.378,-1.633
Canonical,MSP-RON Signaling in Cancer Cells Pathway,,-1.633,-1.414
Canonical,PPARŒ±/RXRŒ± Activation,,-1.134,-1.414
Canonical,JAK/STAT Signaling,0,-0.333,-1.414
Canonical,Tuberculosis Active Signaling Pathway,-3,-2.524,-1.342
Canonical,CD40 Signaling,,-2,-1.342
Canonical,Integrin Signaling,,-1.633,-1.342
Canonical,fMLP Signaling in Neutrophils,,-1.342,-1.342
Canonical,Epithelial Membrane Protein Signaling Pathway,,-1.134,-1.342
Canonical,Transcriptional regulation of granulopoiesis,,-0.447,-1.342
Canonical,Pancreatic Adenocarcinoma Signaling,,0.447,-1.342
Canonical,Ribonucleotide Reductase Signaling Pathway,,,-1.342
Canonical,Acute Myeloid Leukemia Signaling,,,-1.342
Canonical,Proteasomal PSMD10 Signaling Pathway,,,-1.342
Canonical,Relaxin Signaling,,,-1.342
Canonical,FXR/RXR Activation,-1.134,-1.134,-1.291
Canonical,PPAR Signaling,,-1.89,-1.265
Canonical,Colorectal Cancer Metastasis Signaling,2.236,0.905,-1.265
Canonical,CREB Signaling in Neurons,,0.302,-1.155
Canonical,Oxytocin in Brain Signaling Pathway,,-1,-1.134
Canonical,Apelin Endothelial Signaling Pathway,,,-1.134
Canonical,Nuclear Cytoskeleton Signaling Pathway,,-2.121,-1
Canonical,Response to elevated platelet cytosolic Ca2+,,-1.633,-1
Canonical,Docosahexaenoic Acid (DHA) Signaling,,-1.134,-1
Canonical,Antioxidant Action of Vitamin C,,-1,-1
Canonical,PI3K Signaling in B Lymphocytes,,-0.707,-1
Canonical,Chemokine Signaling,,0,-1
Canonical,IL-1 Signaling,,0,-1
Canonical,Cyclophilin Signaling Pathway,0.707,0.471,-1
Canonical,IL-15 Production,,0.816,-1
Canonical,Cholecystokinin/Gastrin-mediated Signaling,,,-1
Canonical,Senescence-Associated Secretory Phenotype (SASP),,,-1
Canonical,Prostate Cancer Signaling,,,-1
Canonical,IL-2 Signaling,,,-1
Canonical,Serotonin Receptor Signaling,1,-0.535,-0.728
Canonical,Molecular Mechanisms of Cancer,1.633,0.539,-0.667
Canonical,Eicosanoid Signaling,,-1,-0.632
Canonical,G alpha (i) signalling events,1.633,0.775,-0.5
Canonical,Hematoma Resolution Signaling Pathway,-1,-1.291,-0.426
Canonical,HER-2 Signaling in Breast Cancer,,-1.342,-0.378
Canonical,HMGB1 Signaling,,1,-0.333
Canonical,BBSome Signaling Pathway,,1,-0.333
Canonical,Regulation of the Epithelial Mesenchymal Transition by Growth Factors Pathway,,1.134,-0.333
Canonical,Tumor Microenvironment Pathway,1.667,1.387,-0.277
Canonical,Cardiac Hypertrophy Signaling (Enhanced),1.633,0.775,-0.209
Canonical,Integrin cell surface interactions,,-1.633,0
Canonical,Tuberculosis Latent Signaling Pathway,,-1.342,0
Canonical,IL-12 Signaling and Production in Macrophages,1.897,0.5,0
Canonical,Osteoarthritis Pathway,1,0.832,0
Canonical,Interleukin-4 and Interleukin-13 signaling,1.633,0.943,0
Canonical,Acute Phase Response Signaling,0.447,1.508,0
Canonical,Activin Inhibin Signaling Pathway,2.646,1.604,0
Canonical,Role of Osteoclasts in Rheumatoid Arthritis Signaling Pathway,2.236,2.53,0
Canonical,S100 Family Signaling Pathway,1.89,1.342,0.186
Canonical,Hepatic Fibrosis Signaling Pathway,1.89,0.243,0.209
Canonical,Immunoregulatory interactions between a Lymphoid and a non-Lymphoid cell,2,0.229,0.229
Canonical,IL-6 Signaling,0.707,1.941,0.243
Canonical,Th1 Pathway,1.134,0.535,0.258
Canonical,IL-33 Signaling Pathway,1,1.134,0.258
Canonical,Cerebral Malformation Signaling Pathway,1,0.816,0.302
Canonical,TEC Kinase Signaling,2.236,0.302,0.333
Canonical,Systemic Lupus Erythematosus in T Cell Signaling Pathway,,1.89,0.333
Canonical,Type I Diabetes Mellitus Signaling,1.134,1.941,0.378
Canonical,Systemic Lupus Erythematosus in B Cell Signaling Pathway,3.051,2.041,0.408
Canonical,Phagosome Formation,2.121,1,0.426
Canonical,Neuroinflammation Signaling Pathway,2.887,3.13,0.426
Canonical,S Phase,,1,0.447
Canonical,KEAP1-NFE2L2 pathway,,1,0.447
Canonical,Pulmonary Healing Signaling Pathway,,1,0.447
Canonical,G alpha (q) signalling events,,1,0.447
Canonical,Mitotic G1 phase and G1/S transition,,1.342,0.447
Canonical,Class A/1 (Rhodopsin-like receptors),1.414,1.886,0.447
Canonical,IL-17A Signaling in Fibroblasts,2,1.89,0.447
Canonical,Lung Ionic Balance Signaling Pathway,2.449,1,0.5
Canonical,NOD1/2 Signaling Pathway,1.897,1.604,0.5
Canonical,IL-17 Signaling,1.342,1.667,0.535
Canonical,NF-Œ∫B Signaling,2.646,1.698,0.577
Canonical,Role of MAPK Signaling in Inhibiting the Pathogenesis of Influenza,1,1.633,0.632
Canonical,Dendritic Cell Maturation,2.53,2.065,0.728
Canonical,"PD-1, PD-L1 cancer immunotherapy pathway",-1,0.632,0.816
Canonical,Autophagy,,1,0.816
Canonical,PTEN Regulation,,1.342,0.816
Canonical,TREM1 Signaling,1.633,1.414,0.816
Canonical,TNFR2 non-canonical NF-kB pathway,,1.414,0.816
Canonical,MyD88:MAL(TIRAP) cascade initiated on plasma membrane,1.633,1.667,0.816
Canonical,Atherosclerosis Signaling,,1.134,0.905
Canonical,TRIM21 Intracellular Antibody Signaling Pathway,2.53,2,0.905
Canonical,Interleukin-20 family signaling,2,0.378,1
Canonical,Metabolism of polyamines,,1,1
Canonical,Signaling by ROBO receptors,,1,1
Canonical,Cellular response to hypoxia,,1,1
Canonical,Induction of Apoptosis by HIV1,,1,1
Canonical,Signaling by NOTCH4,,1,1
Canonical,NIK-->noncanonical NF-kB signaling,,1,1
Canonical,Regulation of Apoptosis,,1,1
Canonical,Hedgehog 'on' state,,1,1
Canonical,Regulation of mitotic cell cycle,,1,1
Canonical,Degradation of beta-catenin by the destruction complex,,1,1
Canonical,Pyroptosis,,1,1
Canonical,Somitogenesis,,1,1
Canonical,Hedgehog ligand biogenesis,,1,1
Canonical,DNA Replication Pre-Initiation,,1,1
Canonical,Hedgehog 'off' state,,1,1
Canonical,Synthesis of DNA,,1,1
Canonical,ABC-family proteins mediated transport,,1,1
Canonical,Complement cascade,,1.265,1
Canonical,Regulation of RUNX2 expression and activity,,1.342,1
Canonical,iNOS Signaling,1.342,1.89,1
Canonical,Pyroptosis Signaling Pathway,2,1.89,1
Canonical,Regulation of TLR by endogenous ligand,1.633,2.121,1
Canonical,Interleukin-7 signaling,,,1
Canonical,ATF4 activates genes in response to endoplasmic reticulum stress,,,1
Canonical,RUNX1 and FOXP3 control the development of regulatory T lymphocytes (Tregs),,,1
Canonical,DNA damage-induced 14-3-3œÉ Signaling,,,1
Canonical,Fc epsilon receptor (FCERI) signaling,,,1
Canonical,Sheddase Signaling Pathway,-1,0.577,1.069
Canonical,Autism Signaling Pathway,1.633,1.897,1.069
Canonical,Communication between Innate and Adaptive Immune Cells,2.333,2.496,1.069
Canonical,Natural Killer Cell Signaling,,0.333,1.134
Canonical,Transcriptional regulation by RUNX1,,0.378,1.134
Canonical,DDX58/IFIH1-mediated induction of interferon-alpha/beta,,1.414,1.134
Canonical,Production of Nitric Oxide and Reactive Oxygen Species in Macrophages,2.449,2.714,1.134
Canonical,Neutrophil Extracellular Trap Signaling Pathway,1.667,1.877,1.147
Canonical,"Role of Macrophages, Fibroblasts and Endothelial Cells in Rheumatoid Arthritis",2.138,2.887,1.177
Canonical,Crosstalk between Dendritic Cells and Natural Killer Cells,2.236,1.667,1.265
Canonical,RAF/MAP kinase cascade,,0,1.342
Canonical,White Adipose Tissue Browning Pathway,,1,1.342
Canonical,Regulation of mRNA stability by proteins that bind AU-rich elements,,1.342,1.342
Canonical,MIF-mediated Glucocorticoid Regulation,,,1.342
Canonical,Endocannabinoid Cancer Inhibition Pathway,,,1.342
Canonical,Role of Chondrocytes in Rheumatoid Arthritis Signaling Pathway,1.89,2.496,1.387
Canonical,Toll-like Receptor Signaling,2.121,1.897,1.414
Canonical,Glycation Signaling Pathway,2.333,2.111,1.414
Canonical,NAFLD Signaling Pathway,2.714,3.051,1.5
Canonical,Preeclampsia Signaling Pathway,2.236,1.414,1.508
Canonical,T Cell Exhaustion Signaling Pathway,2.236,1.732,1.508
Canonical,Macrophage Alternative Activation Signaling Pathway,0.333,1.069,1.604
Canonical,Role of PKR in Interferon Induction and Antiviral Response,3.162,2.324,1.604
Canonical,IL-27 Signaling Pathway,2.53,2.711,1.604
Canonical,p53 Signaling,,1,1.633
Canonical,ISG15 antiviral mechanism,2.449,1.414,1.633
Canonical,Neddylation,,1.633,1.633
Canonical,CTLA4 Signaling in Cytotoxic T Lymphocytes,0,0.302,1.667
Canonical,C-type lectin receptors (CLRs),,1.897,1.667
Canonical,Interleukin-10 signaling,1.89,2.333,1.667
Canonical,Multiple Sclerosis Signaling Pathway,2.714,3.9,1.698
Canonical,CGAS-STING Signaling Pathway,2.333,2.53,1.732
Canonical,Wound Healing Signaling Pathway,2.121,2.183,1.886
Canonical,Activation of IRF by Cytosolic Pattern Recognition Receptors,2.449,1.667,1.89
Canonical,Protein Ubiquitination Pathway,,2.121,1.89
Canonical,Th2 Pathway,2,1,1.941
Canonical,Apoptosis Signaling,,1.342,2
Canonical,Role of RIG1-like Receptors in Antiviral Innate Immunity,,2,2
Canonical,LPS/IL-1 Mediated Inhibition of RXR Function,1.342,2.449,2
Canonical,Macrophage Classical Activation Signaling Pathway,2.668,2.524,2
Canonical,Immunogenic Cell Death Signaling Pathway,,1.414,2.121
Canonical,ISGylation Signaling Pathway,2.714,2,2.121
Canonical,Deubiquitination,,2.121,2.121
Canonical,Interferon Signaling,2.333,2.309,2.121
Canonical,Role of Pattern Recognition Receptors in Recognition of Bacteria and Viruses,2.828,3.051,2.121
Canonical,Hepatic Cholestasis,1.667,2.714,2.183
Canonical,Role of Osteoblasts in Rheumatoid Arthritis Signaling Pathway,2.121,3.051,2.183
Canonical,PTEN Signaling,,1,2.236
Canonical,Semaphorin Neuronal Repulsive Signaling Pathway,,1.342,2.236
Canonical,ER-Mitochondrial Communication Signaling Pathway,2,2,2.236
Canonical,OAS antiviral response,2.449,2.449,2.236
Canonical,Antigen Presentation Pathway,2,2.828,2.236
Canonical,p38 MAPK Signaling,2.646,3,2.309
Canonical,Parkinson's Signaling Pathway,2.333,3.162,2.309
Canonical,Pathogen Induced Cytokine Storm Signaling Pathway,4.146,4.243,2.414
Canonical,Antimicrobial peptides,,,2.449
Canonical,Class I MHC mediated antigen processing and presentation,2.887,3.578,2.496
Canonical,Irritable Bowel Syndrome Signaling Pathway,2.333,3.207,2.5
Canonical,Interleukin-1 family signaling,2.236,2.887,2.673
Canonical,Necroptosis Signaling Pathway,2.646,2.53,2.828
Canonical,Cachexia Signaling Pathway,3.051,3.578,3.138
Canonical,Interferon gamma signaling,3.742,3.578,3.207
Canonical,Neutrophil degranulation,1.89,3.9,3.266
Canonical,Role of Hypercytokinemia/hyperchemokinemia in the Pathogenesis of Influenza,3.051,2.84,3.5
Canonical,Interferon alpha/beta signaling,4.796,4.536,4.146
Canonical,Extracellular matrix organization,,-2,
Canonical,Caveolar-mediated Endocytosis Signaling,,-1.342,
Canonical,Actin Cytoskeleton Signaling,,-1.342,
Canonical,CLEAR Signaling Pathway,-1,-1.134,
Canonical,Regulation of Actin-based Motility by Rho,,-1,
Canonical,MyD88-independent TLR4 cascade,1,1,
Canonical,Interleukin-2 family signaling,,1,
Canonical,Interleukin-6 family signaling,,1,
Canonical,Interleukin-12 family signaling,,1,
Canonical,TP53 Regulates Transcription of Cell Death Genes,,1,
Canonical,Cytosolic sensors of pathogen-associated DNA,,1,
Canonical,PDGF Signaling,,1,
Canonical,MYC Mediated Apoptosis Signaling,,1,
Canonical,Signaling by CSF3 (G-CSF),2,1.134,
Canonical,MyD88 dependent cascade initiated on endosome,1.342,1.342,
Canonical,RHOGDI Signaling,,1.342,
Canonical,Caspase activation via Death Receptors in the presence of ligand,1.342,2,
Canonical,Signaling by SCF-KIT,,2,
Canonical,Growth hormone receptor signaling,2.236,2.236,
Canonical,Toll-like Receptor Cascades,1.342,2.449,